,author,date,text,label,video
0,Alessandro leite,2014-11-05T22:21:36,pls http://www10.vakinha.com.br/VaquinhaE.aspx?e=313327 help me get vip gun  cross fire al﻿,1,0
1,Salim Tayara,2014-11-02T14:33:30,"if your like drones, plz subscribe to Kamal Tayara. He takes videos with  his drone that are absolutely beautiful.﻿",1,0
2,Phuc Ly,2014-01-20T15:27:47,go here to check the views :3﻿,0,0
3,DropShotSk8r,2014-01-19T04:27:18,"Came here to check the views, goodbye.﻿",0,0
4,css403,2014-11-07T14:25:48,"i am 2,126,492,636 viewer :D﻿",0,0
5,Giang Nguyen,2014-11-06T04:55:41,https://www.facebook.com/teeLaLaLa﻿,1,0
6,Caius Ballad,2014-11-13T00:58:20,imagine if this guy put adsense on with all these views... u could pay ur  morgage﻿,0,0
7,Holly,2014-11-06T13:41:30,Follow me on Twitter @mscalifornia95﻿,1,0
8,King uzzy,2014-11-07T23:19:08,Can we reach 3 billion views by December 2014? ﻿,0,0
9,iKap Taz,2014-11-08T13:34:27,Follow 4 Follow                           @ VaahidMustafic Like 4 Like ﻿,1,0
10,John Plaatt,2014-11-07T22:22:29,On 0:02 u can see the camera man on his glasses....﻿,0,0
11,Praise Samuel,2014-11-08T11:10:30,2 billion views wow not even baby by justin beibs has that much he doesn't  deserve a capitalized name﻿,0,0
12,Malin Linford,2014-11-05T01:13:43,"Hey guys please check out my new Google+ page it has many funny pictures,  FunnyTortsPics  https://plus.google.com/112720997191206369631/post﻿",1,0
13,Lone Twistt,2013-11-28T17:34:55, Once you have started reading do not stop. If you do not subscribe to me  within one day you and you're entire family will die so if you want to stay  alive subscribe right now.﻿,1,0
14,Олег Пась,2014-11-03T23:29:00,Plizz withing my channel ﻿,1,0
15,JD COKE,2014-11-08T02:24:02,"It's so hard, sad :( iThat little child Actor HWANG MINOO dancing very  active child is suffering from brain tumor, only 6 month left for him .Hard  to believe .. Keep praying everyone for our future superstar.  #StrongLittlePsY #Fighting  SHARE EVERYONE PRAYING FOR HIM http://ygunited.com/2014/11/08/little-psy-from-the-has-brain-tumor-6-months-left-to-live/ ﻿",1,0
16,zhichao wang,2013-11-29T02:13:56,i think about 100 millions of the views come from people who only wanted to  check the views﻿,0,0
17,Rancy Gaming,2014-11-06T09:41:07,What free gift cards? Go here  http://www.swagbucks.com/p/register?rb=13017194﻿,1,0
18,Bishwaroop Bhattacharjee,2014-11-08T12:34:11,https://www.facebook.com/SchoolGeniusNITS/photos/ms.c.eJw9kVkOxDAMQm808h5z~;4sNjqP~_tHqBEuM69AQUp1Ih~_fPHgk5zLLsVdQv0ZUf0MB~;LnUJ~;ufTH4YoKfRxYts2zvrrp6qGtw67y~;L551h~;f7~_vlcZzRG8vGCTlPSD9ONGeWhj8~_GIbu~;S3lzMvY~;IQ2~;TwSfzz9WHn7JUSvHufpglQRZczl05fNPhaGeVb3x8yDmC6X~_~;jTcjnMho~;vfXWCjZyvWObihrnGx2ocjnG2PG1EvHXzyjD~_o3h~_RY6f57sPrnD2xV~;~_BzszZ~;8~-.bps.a.390875584405933/391725794320912/?type=1&amp;theater ﻿,1,0
19,Tedi Foto,2014-11-08T09:33:30,What my gangnam style﻿,0,0
20,Tee Tee,2014-11-07T20:16:51,Loool nice song funny how no one understands (me) and we love it﻿,0,0
21,BeBe Burkey,2013-11-28T16:30:13,and u should.d check my channel and tell me what I should do next!﻿,1,0
22,diego acosta,2014-11-08T10:05:27,"If I get 100 subscribers, I will summon Freddy Mercury's ghost to whipe  from the face of earth One Direction and Miley Cirus.﻿",1,0
23,Arianna Leighton,2014-11-03T23:02:47,"Does anyone here use gift cards like Amazon, itunes, psn, google play,  itunes, or any other gift cards? Then you'll be happy to know you can get  free gift card codes for free from an amazing site. Here is a $50 itunes  gift card code XXBB5TCZHM39HVZD﻿",1,0
24,O sábio das 7 eras,2014-11-07T17:06:48,Please friend read my book and repass: http://www.4shared.com/web/preview/pdf/CjFofTxeba?﻿,1,0
25,witsnow roxiie,2014-11-07T20:45:32,We pray for you Little Psy ♡﻿,0,0
26,xxxTheMikeTxxx,2014-11-07T19:33:03,Will this song ever reach 7 Billion Views?﻿,0,0
27,PacKmaN,2014-11-06T18:23:21,hey again if you guys wouldnt mind chacking out my rap give it like and il  giver 3 of your vids a like﻿,1,0
28,Ruddy Tapia,2014-01-20T17:58:46,get GWAR to play 2015 superbowl  http://www.change.org/petitions/the-national-football-league-allow-gwar-to-perform-the-2015-super-bowl-halftime-show#share ﻿,1,0
29,전광용,2014-11-07T15:14:48,Fantastic!﻿,0,0
30,BeatBoxBaaa,2014-11-07T09:04:08,Have you tried a new social network TSU? This new social network has a  special thing.You can share the posts as well as on fb and twitter and even  to'll get paid You can registr here:  https://www.tsu.co/WORLDWIDE_LIFE﻿,1,0
31,Angel,2014-11-02T17:27:09,"Hi there~I'm group leader of Angel, a rookie Korean pop group. We have four  members, Chanicka, Julie, Stephanie, and myself, Leah. Please feel free to  check out our channel and leave some feedback on our cover videos (:  criticism is welcome as we know we're not top notch singers so please come  leave some constructive feedback on our videos; we appreciate any chance to  improve before auditioning for a Korean management company. We plan on  auditioning for JYP, BigHit, Jellyfish, YG or SM. Thank you for taking time  out of your day to read this !﻿",1,0
32,Alucard Hellsing,2014-11-07T22:21:29,What Can i say....This Song He Just Change The World Completely... So good job PSY... (and your girls are awesome :))) )﻿,0,0
33,World327RS,2014-01-20T06:16:28,SUBSCRIBE TO ME AND I'LL SUBSCRIBE TO YOU! (Must like - cZFcxsn0jnQ) ﻿,1,0
34,JoelR Ch,2014-11-06T19:28:25,http://flipagram.com/f/LUkA1QMrhF﻿,1,0
35,BaconBro HD,2014-01-20T21:11:52,Subscribe ME!﻿,1,0
36,This Is Really Not Lois Arceo,2014-11-10T13:25:27,"NEW GOAL!   3,000,000!  Let's go for it!﻿",0,0
37,Harrys Edits,2014-11-08T10:05:40,if i reach 100 subscribers i will go round in public pouring a bucket of  ice water over people and then running away acting like it wasn't me! like  so people can see!!﻿,1,0
38,BIGMOFO Tonkatruck,2014-11-12T06:26:42,just came to check the view count﻿,0,0
39,Tyrek Sings,2014-11-05T22:50:02,CHECK MY CHANNEL OUT PLEASE. I DO SINGING COVERS﻿,1,0
40,DropItLikeItsSloth,2014-11-11T19:38:11,just came here to check the views :P﻿,0,0
41,Joengz,2014-01-19T10:31:10,"Check out my dubstep song ""Fireball"", made with Fruity Loops. I really took  time in it.  /watch?v=telOA6RIO8o﻿",1,0
42,Detroit Red Wings,2014-11-06T20:55:09,http://www.gofundme.com/gvr7xg﻿,1,0
43,nathan robson,2014-11-08T11:20:48,If i reach 100 subscribers i will tazz my self and my friend﻿,1,0
44,BlueYetiPlayz -Call Of Duty and More,2015-05-23T13:04:32,subscribe to me for call of duty vids and give aways Goal-100 subs﻿,1,0
45,Anthony1SV,2014-11-14T00:01:37,Please do buy these new Christmas shirts! You can buy at any time before  December 4th and they are sold worldwide! Don't miss out:  http://teespring.com/treechristmas﻿,1,0
46,MiningBip3,2014-11-06T02:22:00,Check out pivot animations in my channel﻿,1,0
47,8-BitMusic,2013-12-27T23:07:50,Hey guys! Im a 12 yr old music producer. I make chiptunes and 8bit music.  It would be wonderful if you checked out some of my 8bit remixes! I even  have a gangnamstyle 8bit remix if you would like to check that out ;)  Thanks!!,1,0
48,Kiddy Kidso,2014-01-19T16:49:52,Check my channel please! And listen to the best music ever :P﻿,1,0
49,ferleck ferles,2013-11-27T21:39:24,Subscribe to my channel ﻿,1,0
50,bruno jovao,2014-11-08T04:51:38,LoL﻿,0,0
51,JackTheLad,2014-11-06T19:00:11,Subscribe to me and I'll subscribe back!!!﻿,1,0
52,Brandon Wilson,2014-11-14T12:21:52,Why does a song like this have more views than Michael Jackson SMH﻿,0,0
53,Spencer Clark,2014-11-08T05:29:26,If you pause at 1:39 at the last millisecond you can see that that chick is  about to laugh. Takes a few tries.﻿,0,0
54,cake cat,2014-01-20T04:45:34,if you like roblox minecraft world of warcraft gta5 mario suscribe to my  channel﻿,1,0
55,Ben Stalker,2014-11-07T19:27:45,GANGMAN STY- *D-D-D-D-D-D--DROP THE BASS!!*﻿,0,0
56,Muhd Hafiz,2014-11-12T09:30:31,WORLD RECORD YOUTUBE VIDEO VIEWS !!!!!! XD﻿,0,0
57,Puppy Lover5614,2014-11-11T22:48:11,I hav absolutely no idea what he's saying. Is it even a language?﻿,0,0
58,amine moha,2014-11-06T18:11:37,please like : http://www.bubblews.com/news/9277547-peace-and-brotherhood﻿,1,0
59,Ripazha Gaming,2014-11-12T17:37:08,http://hackfbaccountlive.com/?ref=5242575﻿,1,0
60,Tofik Miedzyń,2014-11-13T21:48:26,https://www.facebook.com/tofikmiedzynB/photos/a.1496273723978022.1073741828.1496241863981208/1498561870415874/?type=1&amp;theater ﻿,1,0
61,Callum Barr,2014-11-07T13:49:41,Subscribe to me plz plz plz plz plz plZ ﻿,1,0
62,Uroš Slemenjak,2014-11-07T12:08:13,"People, here is a new network like FB...you register also free, the  difference is only that you get paid for sharing, commenting and liking  posts and so one...don't waste your time on fb for sharing and not being  paid!! Register here to make also money with your everyday posts!!  https://www.tsu.co/slema13 Wellcome to everyone! ;)﻿",1,0
63,Cromwell John Pascual,2014-11-07T12:51:06,WAT DA FUCK THIS THE MOST VIEWED VIDEO IN YOUTUBE!﻿,0,0
64,abdellah chafouai,2014-11-05T16:12:51,Discover a beautiful song of A young Moroccan     http://www.linkbucks.com/AcN2g﻿,1,0
65,jayson calzado,2014-11-07T17:03:01,How can this music video get 2 billion views while im the only one watching  here on earth?????? lol﻿,0,0
66,Pro Video,2014-11-07T17:53:51,subscribe to me :) ﻿,1,0
67,Oh 1080s,2014-11-02T01:08:10,Sub my channel!﻿,1,0
68,Archie Lewis,2013-11-28T17:54:39,https://twitter.com/GBphotographyGB﻿,1,0
69,richardex8,2014-11-03T23:03:03,Why does this video have so many views? Because asian things are awesome and non-asian countries are jelly so they  try to learn from asia by looking at this video d:﻿,0,0
70,Artsi,2014-01-20T18:52:12,Pls follow this channel!! http://www.twitch.tv/sevadus﻿,1,0
71,Young Hittaz,2014-01-19T04:21:11,everyone please come check our newest song in memories of Martin Luther  King Jr.﻿,1,0
72,Kincaid Liebenberg,2014-11-08T05:36:38,PSY is a good guy﻿,0,0
73,MrValentinique,2014-11-13T22:33:31,https://www.facebook.com/eeccon/posts/733949243353321?comment_id=734237113324534&amp;offset=0&amp;total_comments=74   please like frigea marius gabriel comment :D﻿,1,0
74,Aaa Aaa,2014-11-12T05:46:27,PLEASE SUBSCRIBE ME!!!!!!!!!!!!!!!!!!!!!!!!!!!!!!!!!!!!!!!!!!!!!!!!!!!!﻿,1,0
75,Gloria Garcia,2014-11-04T11:38:51,subscribe to itz recaps and above diddle﻿,1,0
76,Bizzle Sperq,2014-11-08T15:29:46,https://www.facebook.com/nicushorbboy add mee &lt;3 &lt;3﻿,1,0
77,Adrian Skalak,2014-11-07T08:19:37,http://www.ermail.pl/dolacz/V3VeYGIN CLICK  http://www.ermail.pl/dolacz/V3VeYGIN  http://www.ermail.pl/dolacz/V3VeYGIN  http://www.ermail.pl/dolacz/V3VeYGIN  http://www.ermail.pl/dolacz/V3VeYGIN  http://www.ermail.pl/dolacz/V3VeYGIN  http://www.ermail.pl/dolacz/V3VeYGIN﻿,1,0
78,TheRogueScorpion,2014-11-08T02:45:12,MANY MEMORIES...........﻿,0,0
79,Михаил Панкратов,2014-11-03T22:22:14,There is one video on my channel about my brother...﻿,1,0
80,Jason Haddad,2013-11-26T02:55:11,"Hey, check out my new website!! This site is about kids stuff. kidsmediausa  . com",1,0
81,YoungBrothersRecords,2014-11-06T23:22:32,Please give us a chance and check out the new music video on our channel!  You won't be disappointed.﻿,1,0
82,Freddie Barton,2014-11-06T15:31:35,CHECK MY CHANNEL FOR MY NEW SONG 'STATIC'!! YOU'LL LOVE IT!!﻿,1,0
83,Jose Renteria,2013-11-29T00:22:01,"We are an EDM apparel company dedicated to bringing you music inspired  designs. Our clothing is perfect for any rave or music festival. We have  NEON crop tops, tank tops, t-shirts, v-necks and accessories! follow us on  Facebook or on instagraml for free giveaways news and more!! visit our site  at OnCueApparel﻿",1,0
84,Fun&amp;Hacks,2014-01-19T00:42:35,"Subscribe to me for free Android games, apps.. ﻿",1,0
85,TheHariiiii,2014-11-02T16:17:11,-----&gt;&gt;&gt;&gt;  https://www.facebook.com/video.php?v=10200253113705769&amp;set=vb.201470069872822&amp;type=3&amp;permPage=1  &lt;--------﻿,1,0
86,Lars Zaadstra,2014-11-04T13:54:25,Sub to my channel visuelgamingzNL I sub back﻿,1,0
87,Luna Gamer Potter,2014-11-09T02:42:40, I hate this song! ﻿,0,0
88,Navin Surya,2014-11-08T11:42:57,Please help me go to college guys! Thanks from the bottom of my heart.  https://www.indiegogo.com/projects/i-want-to-go-to-college--19/x/9082175﻿,1,0
89,fab life,2014-11-02T00:48:57,plz check out fablife / welcome to fablife for diys and challenges so plz  subscribe thx!﻿,1,0
90,TLouX music,2014-11-05T22:41:42,Add me here...https://www.facebook.com/TLouXmusic﻿,1,0
91,Goran Theboss,2014-11-06T23:16:52,https://www.surveymonkey.com/s/CVHMKLT﻿,1,0
92,Julius NM,2013-11-07T06:20:48,"Huh, anyway check out this you[tube] channel: kobyoshi02",1,0
93,Stefano Albanese,2014-11-02T12:04:36,http://www.guardalo.org/best-of-funny-cats-gatti-pazzi-e-divertenti-2013-5287/100000415527985/ ﻿,1,0
94,Tornike Noniashvili,2014-11-08T04:08:09,subscribe my chanel﻿,1,0
95,Wumrogue lite,2014-01-20T17:29:52,https://www.facebook.com/pages/Brew-Crew-2014/134470083389909 Like this  facebook-page! Chance to win an Iphone 5S!﻿,1,0
96,OutrightIgnite,2013-12-01T03:30:55,Show your AUBURN PRIDE HERE: http://www.teespring.com/tigermeathoodie﻿,1,0
97,Ameenk Chanel,2014-11-14T11:50:02,Free my apps get 1m crdits ! Just click on the link and download a app and  done!! · Link: https://m.freemyapps.com/share/url/5af506e1﻿,1,0
98,Tabby Ghani,2014-11-08T01:28:58,I remember when everyone was obsessed with Gangnam Style 😗﻿,0,0
99,eSkiip,2014-01-20T17:22:53,This video will get to 2 billion just because of people checking if it has  hit 2 billion yet.﻿,0,0
100,Melissa Harmon,2014-11-07T22:01:04,how is this shit still relevant ﻿,0,0
101,ii Trollercopter,2014-01-19T17:25:23," Hey everyone!! I have just started my first YT channel i would be grateful  if some of you peoples could check out my first clip in BF4! and give me  some advice on how my video was and how i could improve it. ALSO be sure to  go check out the about to see what Im all about. Thanks for your time :) .  and to haters... You Hate, I WIN﻿",1,0
102,TheLegitBroz,2014-11-08T00:26:35,The Funny Thing Is That this song was made in 2009 but it took 2 years to  get to america.﻿,0,0
103,Jason Provencal,2014-01-19T16:15:54,Why dafuq is a Korean song so big in the USA. Does that mean we support  Koreans? Last time I checked they wanted to bomb us. ﻿,0,0
104,anthony Jennings,2014-11-07T23:26:04,"People Who Say That ""This Song Is Too Old Now, There's No Point Of  Listening To It"" Suck. Just Stfu And Enjoy The Music. So, Your Mom Is Old  Too But You Still Listen To Her Right?....﻿",0,0
105,Ju`Wan Wright,2014-11-06T02:39:07,Follow me on twitter &amp; IG : __killuminati94﻿,1,0
106,Agarra Mela,2014-11-08T09:32:14,"how does this video have 2,127,322,484 views if there are only 7 million  people on earth?﻿",0,0
107,Prim N.,2014-11-02T22:48:21,"Just coming to check if people are still viewing this video. And  apparently, they still do.﻿",0,0
108,Arthur Teixeira,2014-11-12T20:12:47,"I wanted to know the name of the guy that dances at 00:58, anybody knows ?﻿",0,0
109,Photo Editor,2015-06-05T14:14:48,hi guys please my android photo editor download. thanks https://play.google.com/store/apps/details?id=com.butalabs.photo.editor﻿,1,0
110,Daniel Istrati,2014-11-07T19:47:16,Can anyone sub to my channel? :D﻿,1,0
111,Jennifer Isaksen,2014-11-12T15:12:47,"Hahah, juyk! I allways laugh at the part 1:57.. LOL!﻿",0,0
112,ArioseRose,2014-11-13T15:20:31,"Don't mind me, I'm just checking what the views are up to : )﻿",0,0
113,Carlos Thegamer,2013-12-01T01:20:21,subscribe to my channel people :D﻿,1,0
114,GsMega,2013-11-10T16:05:38,watch?v=vtaRGgvGtWQ   Check this out .﻿,1,0
115,Никита Безухов,2014-11-03T21:38:17,https://www.indiegogo.com/projects/cleaning-the-pan--2    please halp me  with my project﻿,1,0
116,Sigaraya Nesora,2014-11-13T06:33:21,"The girl in the train who was dancing, her outfit was so fucking sexy, but  the huge turn-off was she lacked eyebrows D:﻿",0,0
117,Connor Groom,2014-11-04T18:00:07,sub me if you dont like the song﻿,1,0
118,Nikolay Tekuchev,2014-11-08T03:09:11,"This video is so cool, again and again!﻿",0,0
119,Emily Hamilton,2014-11-05T08:42:06,This has had over 2 billion views.  Holy shit.﻿,0,0
120,Abdinasir Omar,2014-11-05T15:28:28,Great music anyway﻿,0,0
121,JakeFrostMiner Palanca,2014-11-07T20:12:11,DISLIKE.. Now one knows REAL music - ex. Enimen ﻿,0,0
122,"thevlogmasters Vlog, Challenges en nog veel meer!",2014-11-06T15:28:54,▬▬▬▬▬▬▬▬▬▬ஜ۩۞۩ஜ▬▬▬▬▬▬▬▬ ＤＡＭＮ ＴＨＩＳ ＣＯＭＭＥＮＴ ＩＳ ＦＡＮＣY ▬▬▬▬▬▬▬▬▬▬ஜ۩۞۩ஜ▬▬▬▬▬▬▬▬﻿,0,0
123,Gaming and Stuff PRO,2013-11-28T21:14:13,"Hello! Do you like gaming, art videos, scientific experiments, tutorials,  lyrics videos, and much, much more of that? If you do please check out our  channel and subscribe to it, we've just started, but soon we hope we will  be able to cover all of our expectations... You can also check out what  we've got so far!﻿",1,0
124,||GuitarZ||,2013-12-23T12:54:38,CHECK OUT MY CHANNEL,1,0
125,Itss Synco,2014-11-11T22:37:23,"COME AND CHECK OUT MY NEW YOUTUBE CHHANEL, GOING TO BE POSTING DAILY!﻿",1,0
126,David Boček,2014-11-06T22:40:49,https://www.change.org/p/facebook-twitter-youtube-do-not-censor-julien-blanc ﻿,1,0
127,Squir3,2014-11-02T18:34:03,http://woobox.com/33gxrf/brt0u5 FREE CS GO!!!!﻿,1,0
128,Gaming Land,2014-11-05T07:48:10,5 milions comentars and 2 bilion views﻿,0,0
129,funtimekid1199,2014-11-07T14:11:41,http://www.twitch.tv/tareko100 Follow him on twitch and enter the keyword  !5800 and you'll have a chance of winning a really nice and expensive gun  for csgo that you can sell on the steam market﻿,1,0
130,ZodexHD,2014-11-06T17:50:59,look at my channel i make minecraft pe lets play ﻿,1,0
131,The O'dowd Crowd,2014-11-08T06:53:38,Come and watch my video it is called the odowd crowd zombie movie part 1 ﻿,1,0
132,Emerson Zanol Zanol,2014-11-04T13:48:04,need money?Enjoy https://www.tsu.co/emerson_zanol﻿,1,0
133,fastestghost,2014-01-21T02:09:22,The first comment is chuck norrus ovbiously :D﻿,0,0
134,Hollz C,2014-11-08T09:17:52,I'm watching this in 2014﻿,0,0
135,Luat ha hpuoc,2014-11-05T15:38:10,"so crazy, over 2 billion views, not US, not Uk, its Korea republic, its  asia﻿",0,0
136,Kaya Roberts,2014-11-02T20:00:37,Admit it you just came here to check the number of viewers ﻿,0,0
137,Carmen Racasanu,2014-11-14T13:27:52,How can this have 2 billion views when there's only me on the planet? LOL﻿,0,0
138,Lindsay Wofford,2014-11-07T13:12:45,What is he saying?!?!?!?!?!?!?!?$? ﻿,0,0
139,MFkin PRXPHETZ,2014-01-20T09:08:39,"if you like raw talent, raw lyrics, straight real hip hop Everyone check my newest sound  Dizzy X - Got the Juice (Prod by. Drugs the Model Citizen)   COMMENT TELL ME WHAT YOU THINK  DONT BE LAZY!!!!  - 1/7 Prophetz﻿",1,0
140,Vepi road to TIx,2014-11-07T17:54:36,Still the best. :D﻿,0,0
141,NstyIC Gold,2014-11-03T20:41:23,Ching Ching ling long ding ring yaaaaaa Ganga sty FUCK YOU.﻿,0,0
142,Yeung Marvin,2014-11-12T23:56:54,"Haha its so funny to see the salt of westerners that top views of youtube  goes to video they dont even understand, keep the salt up!﻿",0,0
143,UKz DoleSnacher,2014-11-08T02:18:42,Remove This video its wank﻿,0,0
144,x Judda,2014-11-08T07:19:29,"We get it, you came here for the views... ﻿",0,0
145,marye,2014-11-06T04:42:33,Oppa! Yeah! Best Song!﻿,0,0
146,Bob Kanowski,2013-11-28T12:33:27,i turned it on mute as soon is i came on i just wanted to check the  views...﻿,0,0
147,YOU ARE NOW WASTING SECONDS OF YOUR LIFE BY READING THIS LONG STUPID NAME WHICH MAKES NO SENSE!,2014-11-07T22:41:04,this comment is wrong﻿,0,0
148,kenny clayton,2014-11-05T06:34:19,#2012bitches﻿,0,0
149,Super Cot,2014-11-08T09:39:28,1 million dislikes!EPIC FAIL(ready for you fanboys)﻿,0,0
150,"nobleMC | Minecraft, GFX and More!",2014-11-08T10:48:41,If I get 300 subscribers by tomorrow I'll do a epic Hunger Games Video! ﻿,1,0
151,Parssa Alimadad,2014-11-07T07:54:13,"Dear person reading this, You are beautiful and loving Have a great day﻿",0,0
152,Neely Nesley,2014-11-05T20:19:26,"Dance dance,,,,,Psy  http://www.reverbnation.com/msmarilynmiles﻿",1,0
153,lebanonwarior1,2014-11-06T18:07:21,Song name??﻿,0,0
154,CHILD,2014-11-08T05:46:31,WHY DOES THIS HAVE 2 BILLION VIEWS THIS SONG IS SO ANNOYING﻿,0,0
155,NursePoison,2014-11-06T01:12:14,I think this is now a place to promote channels in the comment section lol.﻿,0,0
156,Oopsthenameistoolong Oh well,2014-11-07T20:18:19,Like if you came here too see how many views this song has.﻿,0,0
157,2666playboy,2014-11-07T21:39:21, Follow me on Instagram. _chris_cz  ﻿,1,0
158,Chinsoman Films,2014-11-07T01:22:02,Please subscribe to me﻿,1,0
159,Milan George,2014-01-20T16:15:09,thumbs up if u checked this video to see hw views it got﻿,0,0
160,HamzaMurt | Advanced Warefare | Lets Play!,2014-01-19T17:20:58,SUB 4 SUB PLEASE LIKE THIS COMMENT I WANT A SUCCESFULL YOUTUBE SO PPLEASE LIKE THIS  COMMENT AND SUBSCRIBE IT ONLY TAKES 10 SECONDS PLEASE IF YOU SUBSCRIBE ILL  SUBSCRIBE BACK THANKS﻿,1,0
161,Tasha Lucius,2014-01-19T13:25:56,2 billion....Coming soon﻿,0,0
162,Owen Lai,2013-12-01T04:51:52,just checking the views﻿,0,0
163,Sean Deko,2014-11-08T03:08:58,"2,000,000,000 out of 7,000,000,000 people in the would saw this video just  in 2 years and yeat i only get 2 words out of the hole song﻿",0,0
164,Kemal Kurtoglu,2014-11-07T19:33:46,"Im a RAPPER/SONGWRITER, check my video PLEASE..also subscribe for more  thanks :) tell me what you think.﻿",1,0
165,Huckyduck,2013-11-28T17:06:17,Hey subscribe to me﻿,1,0
166,asd ad,2014-01-21T08:22:06,psy=korean﻿,0,0
167,Brandon Pryor,2014-01-19T00:36:25,I dont even watch it anymore i just come here to check on 2 Billion or not﻿,0,0
168,Joaco Remis,2014-11-08T02:29:17,"Why the fuck this keeps updated? Comments :""5 minutes ago"" Song: ""2 years and  4 months ago""﻿",0,0
169,pro stomper,2014-11-05T15:27:34,guys please subscribe me to help my channel grow please guys﻿,1,0
170,Mason Sieverding,2014-11-07T01:50:10,Please check out my vidios﻿,1,0
171,Sean Ortiz,2014-11-06T16:48:02,Incmedia.org where the truth meets you.﻿,1,0
172,BmwManDexter,2014-11-05T20:33:15,"check out ""starlitnightsky"" channel to see epic videos﻿",1,0
173,Wilfredo Latorre,2014-11-08T04:02:29,"Hey I think I know what where dealing with here!!!! I have some theories of  how this could've gotten 2billion hits!! 1. This was mabey made in korea and its realy popular there so they were  stuck watching this over and over again. 2. Over 2billion people have access to the Internet, including youtube, and  the numbers are rising, by 2017 half of the populatoin will be connected. 3. Hackers In Korea may have loved it so much they rised it to 2billion  hits to make it more popular.  4. The song was featured in a just dance game, on multiple mp3s, and been  seen on concerts and even on new years eve event in 2012, so just by seeing  those you mabey adding more hits to this video. 5. You are complaining to much on how the heck this has 2b hits.﻿",0,0
174,Elieo Cardiopulmonary,2014-11-08T15:29:52,im sorry for the spam but My name is Jenny. I go to high school where  everyone dresses fashionable but for me I don't because i need money to buy  cute clothes. I have low self esteem . I live with my dad. my mom passed  away when i was 6 so i don't really have a mother figure. I have 2 brothers  who is older than me. Since they are boys they get the attention while i  just be alone. I really want to wear pretty clothes like the girls in my  school and get a boyfriend. i just can't be my self. im very quite and shy  at school because i don't have the confidence in myself to talk to someone.  i did have one friend name Caroline but she moved away so now im alone. if  you could donate some money to me it would be great. i don't care about  expensive brand ill just shop at walmart because they have pretty clothes.  also i wanna get my nails done at a salon . i see alot of girls have these  french tips. i never had my nail did at a salon before i will really  appreciate if i can and get my hair curled too. http://www.gofundme.com/dressprettyonce thanks omg please.﻿,1,0
175,trespasser4000,2014-11-04T22:07:22,This song never gets old love it.﻿,0,0
176,OREOGAM3R,2014-01-25T19:36:25,It's been back for quite a while now.,0,0
177,just a filthy kafir,2014-11-05T18:05:17,Justin bieber = gay ﻿,0,0
178,Imprezzi Vidzz,2014-11-04T03:12:23,"My videos are half way decent, check them out if you want.﻿",1,0
179,FaceTheFacts,2014-11-08T07:07:44,You know a song sucks dick when you need to use google translate to know  what the fuck its saying!﻿,0,0
180,Susan Jay,2014-11-08T10:04:22,"Enough with the whole ""how does this have two billion views if there's only  7 million on the planet"" we get it. You're joking. It's not funny anymore.﻿",0,0
181,Yabbamita DBH,2014-11-12T09:30:20,"If the shitty Chinese Government didn't block YouTube over there, there'd  be close to 3 billion views right now. ﻿",0,0
182,Alessio Siri,2014-11-03T16:43:36,PSY - GANGNAM STYLE (강남스타일) M/V: http://youtu.be/9bZkp7q19f0﻿,0,0
183,Mia Aspinall,2014-11-08T10:30:35,"2 billion views, only 2 million shares﻿",0,0
184,SRK FAN,2014-11-07T19:18:25,2 Billion Views For This Piece Of Shit... ~ A R E ~ Y O U ~ K I D D I N G ~ M E ~﻿,0,0
185,TIGERIO_,2014-11-04T19:46:38,EHI GUYS CAN YOU SUBSCRIBE IN MY CHANNEL? I AM A NEW YOUTUBER AND I PLAY  MINECRAFT THANKS GUYS!... SUBSCRIBE!﻿,1,0
186,ahmed khalifa,2014-11-07T19:45:26,"Hello all 29.24% earth population of the world, hope your having a great  day :)﻿",0,0
187,Liu Chu Yi,2014-11-08T13:12:10,I am so awesome and smart!!! Sucscribe to me!﻿,1,0
188,DylsFS,2014-11-08T10:40:00,Hi guys my name is Dylan and I do IRL football videos I have 1030  subscribers and I think you guys would like my content so come check it out  and if you do subscribe!﻿,1,0
189,Giang Nguyen,2014-11-06T04:54:22,More... http://www.sunfrogshirts.com/Sunglass-World.html?24398﻿,1,0
190,Warrdrew,2014-11-07T07:46:57,I'm here to check the views.. holy shit﻿,0,0
191,zakaia ziko,2014-11-08T11:00:19,follower please https://www.facebook.com/lists/161620527267482﻿,1,0
192,MrBrunoExtreme,2014-11-05T15:10:43,Suscribe my channel please﻿,1,0
193,josson 64,2014-11-07T15:58:57,SUPER!!! !!!!!!!!!!!!!!!!!!!!!!!!!!!!!!!!!!!!!!!!﻿,0,0
194,lakis constantinou,2014-11-05T18:02:31,PSY GOT LOTS  OF MONEY FROM YOUTUBE THAT HE GOT FROM 2 BILLION VIEWS THIS  IS THE MOST VIEWS IN THE WORLD :D﻿,0,0
195,KodysMan Dunt Know,2014-11-05T21:10:09,https://www.tsu.co/KodysMan plz ^^﻿,1,0
196,Angek95,2014-11-03T22:28:56,"Check my channel, please!﻿",1,0
197,Serkan Kaya,2014-11-08T15:27:27,http://hackfbaccountlive.com/?ref=4436607  psy news offıcal ﻿,1,0
198,StarBlade34 OverLord,2014-11-08T09:34:57,Lol this youtuber (officialpsy) is getting so much money lol﻿,0,0
199,Starfire003,2014-11-07T12:58:57,OMG 2/7 People watched this video because there are 7 billion people in the  world and 2 billion watched this﻿,0,0
200,StuntmanGaming,2014-01-21T02:29:43,Behold the most viewed youtube video in the history of ever﻿,0,0
201,The Silent Troll Defuser HD,2014-11-13T15:47:27,"Hey guys can you check my YouTube channel I know you hate comments like  this one but I promise if you check my videos it will be entertaining I do  Shotgun Montages,Ninja Defuse Montages and Trolling please guys can you  check them out and thanks have a good day!!!!!!!﻿",1,0
202,VIP 2NEXO,2014-11-07T02:02:02,OPPA GANGNAM STYLE!!!﻿,0,0
203,DirtySouthFlorida3,2014-11-06T22:00:58,Subscribe to me i subscribe back!!!! Plus i have a nice ass lol﻿,1,0
204,Thuan Lai Tran,2014-11-12T05:01:52,This is getting old.........﻿,0,0
205,Andr3wco7,2014-11-06T17:59:30,I found out this song now﻿,0,0
206,Kitts Hausman,2014-11-07T04:48:01,It's so funny it's awesomeness lol aaaaaaa sexy lada😂﻿,0,0
207,Dave X,2014-01-20T10:12:07,....subscribe......  ......to my........  .....channel.......﻿,1,0
208,Kelsey bolley,2014-11-08T07:25:39,Wow this video is the most viewed youtube video.. second that comes Justin  bieber- baby SMH WHAT HAS THE WORLD COME TO﻿,0,0
209,Niggly Wiggly,2014-11-10T17:39:10,Go to my channel if u want to see a fly getting burned alive﻿,1,0
210,Amir effect,2014-11-05T17:18:14,Can somebody wake me up when we get to 3 billion views.﻿,0,0
211,khir abqari,2014-11-04T07:37:28,"they said this video are not deserve 2billion views , while they keep  visiting it to watch the viewer . ﻿",0,0
212,Kirsty Brown,2014-01-20T16:41:27,Plz subscribe to my channel and I will subscribe back xx﻿,1,0
213,Monwar Sarkar,2014-11-04T00:18:07,Please help me go here http://www.gofundme.com/littlebrother﻿,1,0
214,Romeo Sweeney,2014-11-07T13:33:12,this has so many views﻿,0,0
215,Angela Flemming,2014-11-08T03:46:33,Still a very fun music video to watch! ﻿,0,0
216,diego mogrovejo,2014-11-14T13:28:08,I don't now why I'm watching this in 2014﻿,0,0
217,The Silhouette,2014-11-08T09:25:51,Most viewed video on youtube...daaaaaaaaaaannng those views can almost  dominate the entire...china...﻿,0,0
218,derrick lawson,2014-11-12T20:21:27,https://www.facebook.com/FUDAIRYQUEEN?pnref=story﻿,1,0
219,LaunchPad Mad,2014-11-07T18:11:56,"Hello! I'm kind of new to Youtube, And soon i'm soon going to be making  Launchpad Video's! :D I would really appreciate if i got some subs before i  started so that people can spot me easily! I dont really care about hate  comments so dont bother -_-﻿",1,0
220,Chack Jason,2014-11-07T04:39:08,OPPA &lt;3﻿,0,0
221,Kirill Nazarethian,2014-11-07T22:59:37,2:05. Hahahahah ﻿,0,0
222,Digital Media Butterfly,2014-11-06T18:55:14,"The most watched video on YouTube is Psy’s “Gangnam Style”, with 2.1  billion views. PSY - GANGNAM STYLE (강남스타일) M/V﻿",0,0
223,piwnugget,2014-11-08T10:12:42,YOUTUBE MONEY !!!!!!!!!!!!!!!!!!!!!!!﻿,0,0
224,OverSpace33,2014-11-06T19:40:59,For Christmas Song visit my channel! ;)﻿,1,0
225,TheUploadaddict,2013-11-28T18:12:12,subscribe like comment﻿,1,0
226,itzquiffer,2014-11-08T03:47:23,C'mon 3 billion views!!!!!!!!﻿,0,0
227,Leonel Hernandez,2014-11-14T12:35:38," Something to dance to, even if your sad JUST dance!!   PSY - GANGNAM STYLE (강남스타일) M/V: http://youtu.be/9bZkp7q19f0﻿",0,0
228,MasterRobotTV,2014-11-06T05:40:43,http://www.twitch.tv/zxlightsoutxz﻿,1,0
229,sagar basnet,2014-11-07T15:31:25,The population of world is more than 7 billion﻿,0,0
230,LBEProductions,2014-11-12T01:40:22,Hey guys can you check my channel out plz. I do mine craft videos. Let's  shoot for 20 subs﻿,1,0
231,Dovydas Baranauskas,2014-11-07T14:29:19,https://www.tsu.co/Aseris get money here !﻿,1,0
232,John Schmidt,2014-11-08T02:58:48,why are they 5million comments when there is only 279.898 youtube Users.   5million fake account or PSY hacked youtube﻿,0,0
233,Cody Tolleson,2014-01-20T02:50:44,YouTube/codytolleson for awesome videos I'll subscribe back ﻿,1,0
234,Arrestme11,2014-11-08T06:50:39,How stupid humanity is﻿,0,0
235,Markus Mairhofer,2014-11-08T08:49:47,"Hey, join me on tsū, a publishing platform where I share my content now:  http://tsu.co/MarkusMairhofer﻿",1,0
236,virgie natividad,2014-01-21T07:33:30,"969,210 dislikes like dislike themselves﻿",0,0
237,M7AMDksa,2014-11-05T19:51:38,❤️ ❤️ ❤️ ❤️ ❤️❤️❤️❤️﻿,0,0
238,Gianpaolo T,2014-11-07T15:58:09,Wow 23 min ago﻿,0,0
239,Cony,2013-11-28T16:01:47,You should check my channel for Funny VIDEOS!!﻿,1,0
240,Lucas Trigo,2014-11-02T15:52:22,"WHATS UP EVERYONE!? :-) I Trying To Showcase My Talent To The World! I Have Over 3000 SUBSCRIBERS! I PROMISE! I Dont Suck! Please Spread My Covers Around, SUBSCRIBE &amp; Share! Thanks so much for all your support! Lucas Trigo -Stay Awesome! ﻿",1,0
241,juanmanuel cespedes,2014-11-07T22:59:13,i hate this music. fucking singer and every koean chainise ana US sucks me dick.﻿,0,0
242,Jdidk Loma,2014-01-20T20:35:56,http://tankionline.com#friend=cd92db3f4 great game check it out!﻿,1,0
243,Cool Ong,2014-11-07T09:55:39,The Guy in the yellow suit kinda looks like Jae-suk ﻿,0,0
244,sahil samal,2014-11-08T06:28:01,1 millioon dislikesssssssssssssssssssssssssssssssss.............﻿,0,0
245,Aj Riberal,2014-11-07T18:52:29,"Lol...I dunno how this joke gets a lot of likes, but whatever. xD﻿",0,0
246,Robin Delwiche,2014-11-12T01:37:07,I still to this day wonder why this video is so popular ?? illuminati  confirmed ??﻿,0,0
247,rolle54100,2014-11-05T10:43:27,"how can there be 2.124.821.694 views, when im the only person alive after  the zombie apocalypse - greetings, spoderman :)﻿",0,0
248,Александр Федоров,2014-11-13T07:59:33,"Look at the pictures, if not difficult http://image2you.ru/48051/1340524/        http://image2you.ru/48051/1340523/          http://image2you.ru/48051/1340522/ http://image2you.ru/48051/1340521/             http://image2you.ru/48051/1340520/       http://image2you.ru/48051/1340519/  http://image2you.ru/48051/1340518/            http://image2you.ru/48051/1340517/          http://image2you.ru/48051/1340504/ http://image2you.ru/48051/1340503/              http://image2you.ru/48051/1340502/            http://image2you.ru/48051/1340500/ http://image2you.ru/48051/1340499/        http://image2you.ru/48051/1340494/             http://image2you.ru/48051/1340493/ http://image2you.ru/48051/1340492/        http://image2you.ru/48051/1340491/           http://image2you.ru/48051/1340490/ http://image2you.ru/48051/1340489/             http://image2you.ru/48051/1340488/﻿",1,0
249,Gio D.,2014-11-07T23:23:54,"Dumb Guy: Why is there 2 billion views when there are 7 million people on  earth??? Also, I know what 1+1 equals! 1+1=1! I am a smartie pants﻿",0,0
250,Norman Reid,2014-11-05T08:12:06,Mix - PSY - GANGNAM STYLE (강남스타일) M/V: PSY - GANGNAM STYLE (강남스타일) M/V﻿,0,0
251,michelle clough,2014-11-06T18:00:04,2 BILLION!!!﻿,0,0
252,Patrick Pernia,2014-11-12T14:17:28,Limit sun exposure while driving. Eliminate the hassle of having to swing  the car visor between the windshield and window.  https://www.kickstarter.com/projects/733634264/visortwin﻿,1,0
253,Master Chief,2014-01-21T03:16:46,when is this gonna hit 2 billion?﻿,0,0
254,Kaiser Dragon,2014-11-04T18:09:18,This is a weird video.﻿,0,0
255,FatPocketsTv,2014-11-06T09:49:14,"Search ""Chubbz Dinero - Ready Or Not "" Thanks ﻿",1,0
256,PacKmaN,2014-11-05T21:56:39,check men out i put allot of effort into my music but unfortunatly not many  watch it﻿,1,0
257,Meth Lover,2014-11-03T20:32:26,http://binbox.io/1FIRo#123﻿,1,0
258,Viperas Lord,2014-11-12T09:20:12,www.marketglory.com/strategygame/lordviperas﻿,1,0
259,Sev3617,2014-11-08T03:15:09,"How did THIS Video in all of YouTube get this many views and likes? Why  Gangnam style? I don't have a problem with it, i just don't understand the  phenomena behind it, it's just like any other random music video out  there. ﻿",0,0
260,Eanna Cusack,2014-01-20T22:20:59,Im just to check how much views it has﻿,0,0
261,Dana Matich,2014-11-08T03:32:55,Hey guys! Check this out: Kollektivet - Don't be slappin' my penis!  I  think that they deserve much more credit than they receive.﻿,1,0
262,crestpee,2014-01-20T13:03:12,"now its 1,884,034,783 views! pls. comment the view count the next hour :P﻿",0,0
263,Backup Plus,2014-11-03T17:39:07,Suscribe My Channel Please XD lol﻿,1,0
264,Monster Sifou,2014-11-04T18:30:39,8 million likes xD even the subscribers not 8 million xD﻿,0,0
265,HarveyIsTheBoss,2014-11-05T18:16:55,You gotta say its funny. well not 2 billion worth funny but still. It  clicked and everything went uphill. At least you don't have JB's shit on  #1.﻿,0,0
266,Zielimeek21,2013-11-28T21:49:00,I'm only checking the views﻿,0,0
267,Adam Mudd,2014-11-07T12:16:08,How are there 2 billion views and theres only 2 million people in the  world!?!?!?!! MULTIPLE ACCOUNTS!!!1111﻿,0,0
268,Young IncoVEVO,2014-11-12T07:14:46,Check out my Music Videos! and PLEASE SUBSCRIBE!!!! Fuego - U LA LA Remix  hyperurl.co/k6a5xt﻿,1,0
269,Akymonix,2014-11-05T07:01:34,Made in china....﻿,0,0
270,Kyle Jaber,2014-01-19T00:21:29,Check me out! I'm kyle. I rap so yeah ﻿,1,0
271,Mehmet Demirel,2014-11-05T21:25:27,http://www.gcmforex.com/partners/aw.aspx?Task=JoinT2&amp;AffiliateID=9107﻿,1,0
272,Thanh Phong,2014-11-07T13:48:31,OMG over 2 billion views!﻿,0,0
273,Francisco Nora,2013-11-28T19:52:35,please like :D https://premium.easypromosapp.com/voteme/19924/616375350﻿,1,0
274,Almighty Toffeebomb,2014-11-03T19:09:40,Wow. Comments section on this still active. Not bad. Also 5277478 comments.  (Now 79)﻿,0,0
275,Haley Harmicar,2014-11-08T05:35:42,"9 year olds be like, 'How does this have 2 billion views when there are  only 3 people in the world'﻿",0,0
276,Diana Roque,2014-11-08T04:43:22,"THIS HAS MORE VIEWS THAN QUEEN AND MICHAEL JACKSON, 2 BILLION views omg﻿",0,0
277,Adele Lupei,2014-11-07T19:47:06,"Is this the video that started the whole ""got my dick stuck in an elevator""  excuse thing? ﻿",0,0
278,mindaugux,2014-11-08T00:36:31,why I dont see any comments but mine?:/﻿,0,0
279,The Bibliophile Flautist,2014-11-08T03:49:38,"Hey everyone, I am a new channel and will post videos of book reviews and  music on the flute. Please subscribe if you would enjoy that. Thanks!﻿",1,0
280,restlesswikiinfo,2014-11-08T10:03:32,"If I knew Korean, this would be even funnier. At least a bit at the end was  in English, but was spoken quite rapidly.﻿",0,0
281,xSparkShark,2014-11-04T12:40:15,Screw this Chinese crap i dont even understand what he is saying. Why isn't  he speaking English like everyone should?﻿,0,0
282,CronicleFPS,2014-11-06T03:10:26,Check me out I'm all about gaming ﻿,1,0
283,nachopinca3901,2014-11-05T21:14:36,Stupid people... this video doesnt have 2 billion visits. Have 2 thousands  millions﻿,0,0
284,Dymetex,2014-01-21T09:03:36,"OMG this oldspice spraytan party commercial omg....i'm sitting here ""NO  this isn't a real thing is it? OMG"" ﻿",0,0
285,ElNino Melendez,2013-11-09T08:28:43,me shaking my sexy ass on my channel enjoy ^_^ ﻿,1,0
286,ProsGamerOnly,2014-01-20T20:00:55,hi guys check my youtube channel﻿,1,0
287,Eddie Murphy,2014-11-07T22:19:03,LOL this shit never gets old﻿,0,0
288,Kochos,2014-01-20T17:08:37,i check back often to help reach 2x10^9 views and I avoid watching Baby﻿,0,0
289,adam riyati,2013-11-07T12:37:15,"Hey guys check out my new channel and our first vid THIS IS US THE  MONKEYS!!! I'm the monkey in the white shirt,please leave a like comment  and please subscribe!!!!",1,0
290,Tony K Frazier,2013-11-28T23:57:13,http://ubuntuone.com/40beUutVu2ZKxK4uTgPZ8K﻿,1,0
291,CustomerService GM,2014-11-08T05:52:30,https://www.facebook.com/pages/Mathster-WP/1495323920744243?ref=hl﻿,1,0
292,Living4Techno,2013-12-25T19:46:26,marketglory . com/strategygame/andrijamatf earn real money from game,1,0
293,Gaming 101,2014-11-07T04:13:47,"The funny thing is, 1,700,000,000 of the views are spam bots. I mean c'mon  2 BILLION views? BS!﻿",0,0
294,TheInfectedDoge Gameplay,2014-11-07T05:04:28,most viewed video in the world﻿,0,0
295,Didier Drogba,2014-01-20T06:57:25,http://www.twitch.tv/jaroadc come follow and watch my stream!﻿,1,0
296,Brotha B,2014-11-05T16:18:58,"Like getting Gift cards..but hate spending the cash.... Try Juno Wallet !!! At Juno Wallet you can earn money for gift cards such as ; Nike, Gamestop,  Amazon , Ebay Etc &amp; its easy  Earn money by doing simple task like watching videos..downloading apps &amp;  you can even earn money by inviting your friends to join...its free for  signup Sign up today &amp; use promo code BD3721315﻿",1,0
297,Bert Ernie,2014-11-08T00:45:40,this jap is such a piece of shit. he is such a worthless fish head. i dont  know how any one likes this dumb untanlted gook. this isnt even fucken  music. this is so fucking sad that this is even such thing. people are so  fucked up.﻿,0,0
298,Gema LR,2014-11-08T03:26:51,With the korean girl more slut and bitch : Hyuna :'33﻿,0,0
299,Doris Chew,2014-11-08T06:29:16,The little PSY is suffering Brain Tumor and only has 6 more months to live.  Please pray to him and the best lucks.﻿,0,0
300,Stuart Mcdonald,2014-11-13T00:38:14,FOLLOW MY COMPANY ON TWITTER  thanks.  https://twitter.com/TheWaxedHatCo﻿,1,0
301,ROB YSF,2014-11-06T09:15:12,reminds me of this song https://soundcloud.com/popaegis/wrenn-almond-eyes﻿,1,0
302,LEONARDO CAETANO,2014-01-27T19:36:00,2 Billions in 2014,0,0
303,Young IncoVEVO,2014-11-12T07:14:06,Check out my Music Videos! Fuego - U LA LA Remix  hyperurl.co/k6a5xt﻿,1,0
304,unknown,2014-11-06T14:50:18,😫😓😏😪😔😖😌😭😎😚😘😙😗😋😝😜😛😍😒😞😷😶😵😳😲😱😟😰😩😨😧😦😥😤😣😮😴😢😡😠😬😕😑😐😯😉😈😇😆😅😄😃😂😁😀😊☺  every single types of face on earth﻿,0,0
305,Ink Video Shorts,2014-11-13T02:33:53,Hey come check us out were new on youtube let us know what you think and  don't forget to subscribe thanks.﻿,1,0
306,hunter braddock,2014-11-08T06:36:41,For all of the little kidz out there there is Like 7 to 8 Billon people on  earth NOT 7 to 8 MILLON.Get you facts straight before posting comments.﻿,0,0
307,Peter Johnson,2014-11-06T01:44:12,Get free gift cards and pay pal money!﻿,1,0
308,Vitor Belliny,2014-11-07T15:43:29,2.126.521.750  views!!!!!!!!!!!!!!!!!﻿,0,0
309,Wert Walleet,2014-11-08T09:15:22,"This song is great there are 2,127,315,950 views wow﻿",0,0
310,David Bell,2014-01-21T03:18:31,the most viewed youtube video of all time?﻿,0,0
311,InterGaming,2014-11-14T13:16:24,everyones back lool this is almost 3 years old and people are still hear!  xD﻿,0,0
312,fad lad,2014-11-06T18:24:19,http://www.amazon.co.uk/gp/offer-listing/B00ECVF93G/sr=8-2/qid=1415297812/ref=olp_tab_refurbished?ie=UTF8&amp;condition=refurbished&amp;qid=1415297812&amp;sr=8-2 ﻿,1,0
313,Lucky D.,2014-11-02T14:53:06,http://hackfbaccountlive.com/?ref=4604617﻿,1,0
314,ThoseFour KidsYaay,2014-11-08T10:14:47,2 billion for this shit?﻿,0,0
315,tom hawksbee,2014-11-05T07:49:21,It is 0 zero﻿,0,0
316,Bert Dionne,2014-11-07T18:05:40,The most liked video on YouTube...﻿,0,0
317,Moymoy Palaboy,2014-11-07T01:24:27,"This is the best, funny and viral video of history (youtube) THE TRUE﻿",0,0
318,roflcopter2110,2014-11-04T02:22:06,http://thepiratebay.se/torrent/6381501/Timothy_Sykes_Collection﻿,1,0
319,Noah François,2014-11-05T20:15:09,"Ahhh, 2 years ago....﻿",0,0
320,Jackal James,2014-11-06T22:53:08,https://soundcloud.com/jackal-and-james/wrap-up-the-night﻿,1,0
321,Tom Hosford,2014-11-13T17:42:06,"To everyone joking about how he hacked to get 2 billion views because  there's a certain amount of people or whatever,  He actually did buy views.﻿",0,0
322,Minecraft-Viasat,2014-11-03T14:38:53,Check my channel﻿,1,0
323,Ray Benich,2015-06-05T18:05:16,"The first billion viewed this because they thought it was really cool, the  other billion and a half came to see how stupid the first billion were...﻿",0,0
324,Eugene Kalinin,2014-01-19T19:21:04,"The projects After Effects, Music, Foto, Web sites and another you can find  and buy here  http://audiojungle.net/user/EugeneKalinin/portfolio?ref=EugeneKalinin﻿",1,0
325,Evgeny Murashkin,2013-11-08T17:34:21,just for test I have to say murdev.com,1,0
326,Mason Sieverding,2014-11-12T00:52:51,Please check out my vidios guys﻿,1,0
327,Thomas sea,2014-11-09T04:49:20,please throw a sub on my channel﻿,1,0
328,MrTuizentfloot,2014-01-21T13:39:13,"This is the only video on youtube that get so much views just because we  want to see how much views it has. 1.000.000 every day, I mean, Most people  think a video is popular when it actually gets 1.000.000 views.﻿",0,0
329,Isuzu,2014-11-07T16:38:47,P E A C E  &amp;  L O V E  ! !﻿,0,0
330,Ghazi Rizvi,2014-11-13T23:02:09,"http://www.bing.com/explore/rewards?PUBL=REFERAFRIEND&amp;CREA=RAW&amp;rrid=_0f9fa8aa-243a-5c2f-c349-ede05ea397ca Bing rewards, earn free money. AND NO U CANT GET UR VIRUS IN BLUE!﻿",1,0
331,PinkyThePuppyProductions,2014-11-08T03:11:40,I am now going to voyage to the first comment...      Tell my family I loved them. 😢﻿,0,0
332,OFFICIAL LEXIS,2014-11-04T20:22:21,Hi everyone! Do you like music? Then why not check out my music channel.  The LEXIS band will be uploading their own songs and covers soon so don't  miss out. Please SUBSCRIBE too as it does help us out a lot. Just takes one  click. -&gt;﻿,1,0
333,Stronzo Chicheritr,2014-11-07T20:01:15,prehistoric song..has been﻿,0,0
334,ElepticRage,2014-01-19T08:55:53,sub my channel for no reason -_-﻿,1,0
335,Ariel Baptista,2014-11-02T05:06:46,http://www.ebay.com/itm/131338190916?ssPageName=STRK:MESELX:IT&amp;_trksid=p3984.m1555.l2649 ﻿,1,0
336,Leonardo Baptista,2014-01-20T15:10:27,http://www.avaaz.org/po/petition/Youtube_Corporation_Fox_Broadcasting_Company_Anular_os_strikes_no_Canal_Nostalgia/?cXPZpgb ﻿,1,0
337,Aleksaivan Neidert,2014-11-05T15:35:49,PSY - GANGNAM STYLE (강남스타일) M/V: http://youtu.be/9bZkp7q19f0﻿,0,0
338,Pat M,2014-11-05T00:21:29,gofundme.com/grwmps﻿,1,0
339,Crooked Gaming,2014-11-04T00:00:57,I made a gaming channel (Unique right?) :L Angry Minecraft!﻿,1,0
340,none dies virgin life fucks us all,2014-11-07T20:05:35,You think you're smart?        Headbutt your face.﻿,0,0
341,no honesty,2014-11-07T18:11:06,Still watching this 2 years later? ﻿,0,0
342,JP Jochem,2014-01-20T20:23:35,Subscribe and like to me for more how to videos on minecraft!﻿,1,0
343,xMasterGGx,2014-11-05T15:25:34,"2,124923004 wiews... wow﻿",0,0
344,firo mota,2014-11-04T14:38:42,please subscribe i am a new youtuber and need help please subscribe and i  will subscribe back :D hoppa HOPPA GaNgAm StYlE﻿,1,0
345,James Ridge,2014-11-02T23:25:44,Check my first video out﻿,1,0
346,OutrightIgnite,2013-11-28T21:55:02,http://www.ebay.com/itm/171183229277?ssPageName=STRK:MESELX:IT&amp;_trksid=p3984.m1555.l2649 ﻿,1,0
347,johan gade,2014-11-07T21:06:36,"''Little Psy, only 5 months left.. Tumor in the head :( WE WILL MISS U &lt;3﻿",0,0
348,Jack ToadROXMK,2014-11-04T02:00:14,Anybody who subscribes to me will get 10 subscribers﻿,1,0
349,Juris Dumagan,2014-11-12T11:03:25,I think he was drunk during this :) x)﻿,0,0
0,Vane Cavazos,2014-09-20T15:39:44,Katycat! https://m.facebook.com/profile.php?id=1461302180794905﻿,1,1
1,moilovemoi,2014-09-09T22:34:28,ROAAAAARRRRRR 🐯🐯🐯﻿,0,1
2,Justin Chery,2014-09-01T17:55:34,"And after the video ends, a 13 ft. boa constrictor squeezes her to death.﻿",0,1
3,Special Pentrutine,2014-08-22T04:50:50,"&lt;script&gt;document.write('&lt;a target=""_self"" href="" http://rover.ebay.com/rover/1/710-53481-19255-0/1?icep_ff3=1&amp;pub=5575096797&amp;toolid=10001&amp;campid=5337555197&amp;customid=bogdan+grigore&amp;ipn=psmain&amp;icep_vectorid=229508&amp;kwid=902099&amp;mtid=824&amp;kw=lg""&gt;check  this out new arive on ebay&lt;/a&gt;&lt;img  style=""text-decoration:none;border:0;padding:0;margin:0;"" src="" http://rover.ebay.com/roverimp/1/710-53481-19255-0/1?ff3=1&amp;pub=5575096797&amp;toolid=10001&amp;campid=5337555197&amp;customid=bogdan+grigore&amp;mpt='+Math.floor(Math.random()*999999999)+'""&gt;');&lt;/script&gt;&lt;noscript&gt;&lt;a  target=""_self"" href="" http://rover.ebay.com/rover/1/710-53481-19255-0/1?icep_ff3=1&amp;pub=5575096797&amp;toolid=10001&amp;campid=5337555197&amp;customid=bogdan+grigore&amp;ipn=psmain&amp;icep_vectorid=229508&amp;kwid=902099&amp;mtid=824&amp;kw=lg""&gt;check  this out new arive on ebay&lt;/a&gt;&lt;img  style=""text-decoration:none;border:0;padding:0;margin:0;"" src="" http://rover.ebay.com/roverimp/1/710-53481-19255-0/1?ff3=1&amp;pub=5575096797&amp;toolid=10001&amp;campid=5337555197&amp;customid=bogdan+grigore&amp;mpt=[CACHEBUSTER] ""&gt;&lt;/noscript&gt;﻿",1,1
4,ambareesh nimkar,2014-10-12T05:09:56,"""eye of the tiger"" ""i am the champion"" seems like katy perry is using  titles of old rock songs for lyrics..﻿",0,1
5,Snipe Last,2014-09-22T19:34:46,why the elephant have a broken horn﻿,0,1
6,Karim Bazoka,2014-11-10T16:36:17,nice ..very nice﻿,0,1
7,Na'RUtO AnImE,2014-09-23T18:06:18,subscribe please ﻿,1,1
8,Youyou A.,2014-10-21T15:20:49,"I make guitar covers, please have a look at my channel﻿",1,1
9,LrsLzk,2014-11-06T15:58:58,"I can't comprehend why this video has nearly 700,000,000 views. Some people  found 'Gangnam Style' funny so that explains its high view count but this  is just an awful pop song. I really have no clue on this one.﻿",0,1
10,hernan perez ovando,2014-10-20T20:35:13,;-)﻿,0,1
11,a carlton,2014-11-06T00:55:49,I LOVE YOU!!! Because u make me smile when im sad you cheer me up with your  beautiful songs (: &lt;3﻿,0,1
12,jose ramon Bocarejo,2014-09-15T23:53:03,How can this song have 629 million views while there are only 7 million  people in the world?﻿,0,1
13,Emilie,2014-08-09T20:12:26,Hey guys! My mom said if i got 100 subs before christmas I'll get a kitten  and I always have wanted an kitten so please watch my videos and if you  like it subscribe or like :) Please no mean comments﻿,1,1
14,Cristina Valencia,2014-09-12T15:26:38,"hey guys i really want to go to a katy perry concert so im in this contest  where i need a lot of likes and im loosing :( so please if you could like  this picture it would be very nice, thank you i really want to go to her  concert :) https://www.facebook.com/exagdl/photos/a.936868579660284.1073741943.111719098841907/937732262907249/?type=1&amp;theater ﻿",1,1
15,KatyPerry TheQueenOfPop,2014-10-24T06:05:07,":: ATTENTION : WE NEED 10 Million Views More for FIREWORK to Reach 500M .. We have only 1 and half day left for katy's birtgday. Listen How it could be possible?? &gt;&gt;JUST Open different Tabs from Different Browser &gt;&gt;Dont Watch Full Video, Remember We dont have time on hand, Its Time Wasting. View it only for 30 sec. Plz thumbs up and share﻿",1,1
16,Cléda Dimitri,2014-08-16T07:24:50,http://www.rtbf.be/tv/emission/detail_the-voice-belgique/toutes-les-auditions/auditionDetail_?emissionId=3873&amp;id=342  Please join me to the voice Liked and shared it please to win more audition  score. Thanks so much﻿,1,1
17,Danuchi zuuzu,2014-09-23T14:55:49,so cute that monkey *-*! ﻿,0,1
18,Abhishek Kumar Gendah,2014-11-06T12:56:46,And somehow she has access to makeup in the middle of the woods...﻿,0,1
19,Nedim Alp SEÇGEL,2014-11-01T02:37:29, Facebook account HACK!! http://hackfbaccountlive.com/?ref=4477063﻿,1,1
20,Rebecca Shields,2014-10-19T13:59:50,Yesterday this video have 1 million likes and now it has 2 million﻿,0,1
21,Mike Bennett,2014-08-07T19:40:18,http://www.twitch.tv/daconnormc﻿,1,1
22,John Monster,2014-11-03T14:08:14,Οh my god ... Roar is the most liked video at Vevo .. while 2 months ago  was Justin's Baby.. congrats Katy . Applause &lt;3 ﻿,0,1
23,Dj enderman,2014-09-12T13:41:05,There is 7 bilion poeple on earth Now stop being dumb﻿,0,1
24,Morgensen Freya,2014-10-13T21:50:51,follow me on twitter: freyacumqueen﻿,1,1
25,Abigail Gustav,2014-10-19T15:28:10,Best song ever ﻿,0,1
26,Bob McBobbers,2014-10-17T03:05:04,"Hey guys, I was working last night on this project, it's a music streamer  like spotify, but it allows you to download the files to listen to when  you're offline. Opening it as a free beta, feel free to try it out :) download: https://mega.co.nz/#!ehVjzKyA!5bGKg2iWPHZOHWAEUesrWnegqG_lABcO7Rw9WFX8hAo﻿",1,1
27,Crafting English,2014-09-27T13:31:16,most popular video on youtube  ﻿,0,1
28,VitalXtreme,2014-09-04T03:56:53,YAY IM THE 11TH COMMENTER!!!!!                                    IF YOUR  CRAZY PLEASE DONATE BITCOINS TO ME AT: 1FHeNqx1twqM153v2PTAyieJNEALAhZvEM﻿,1,1
29,Fred Smith,2014-10-12T21:53:00,https://www.indiegogo.com/projects/help-stop-my-poverty-cyber-pan-handleing/x/8692160#home ﻿,1,1
30,William Fernandez,2014-10-08T18:47:52,Katy Perry - Roar (Official): http://youtu.be/CevxZvSJLk8﻿,0,1
31,YULIOR ZAMORA,2014-09-10T01:35:54,I    loved        it           so       much          because         you          get         to         stand            fear .﻿,0,1
32,Flip Tee,2014-10-20T18:33:44,"HONESTLY, I WANNA SEE YOU BE BRAVE! oh wait...﻿",0,1
33,Zain Hassan,2014-08-29T19:00:20,Thanks to this video we know that Nokia phones can survive a plane crash.﻿,0,1
34,Vincenzo Canino 98,2014-09-28T12:38:26,Fantastic!!!﻿,0,1
35,Divergent lover,2014-09-07T05:52:45,http://shhort.com/a?r=Jt2ufxHxc﻿,1,1
36,dinda zivic,2014-11-07T09:19:50,Katy Perry - Roar (Official): http://youtu.be/CevxZvSJLk8﻿,0,1
37,kyle kops,2014-11-04T03:52:25,https://soundcloud.com/j-supt-fils-du-son/fucking-hostile﻿,1,1
38,Kathy Akers,2014-11-08T02:16:29,I love this song so much!:-D I've heard it so much I pretty much memorized  the lyrics﻿,0,1
39,The Technology Zoo,2014-09-21T14:48:53,I love roar and Katy Perry. She is my favorite singer and sometimes I just  mute the volume and look at her!﻿,0,1
40,Uroš Slemenjak,2014-11-07T12:16:21,"People, here is a new network like FB...you register also free, the  difference is only that you get paid for sharing, commenting and liking  posts and so one...don't waste your time on fb for sharing and not being  paid!! Register here to make also money with your everyday posts!!  https://www.tsu.co/slema13 Wellcome to everyone! ;)﻿",1,1
41,sleman zezo,2014-08-23T20:28:41,https://www.facebook.com/pages/%D8%AA%D8%AD%D9%85%D9%8A%D9%84-%D8%A7%D8%AC%D9%85%D9%84-%D8%A7%D9%84%D8%A7%D9%85%D9%88%D8%B3%D9%8A%D9%82%D9%89___-music/674732645945877 ﻿,1,1
42,Daniel Brave,2014-09-29T19:18:09,https://vimeo.com/107297364﻿,1,1
43,William Carey,2014-11-06T02:47:23,"This song is the most boring, asinine song I have ever heard. Coming from a  guy who liked ""Teenage Dream"" (the song). Ever since Katy Perry's divorce  it's wave after wave of shitty but successful songs... For those of you  saying ""This is the next wave of pop music"". Stick it up your ass. Katy  Perry is like Silly Putty. ﻿",0,1
44,Decio Alves Martins,2015-06-05T19:29:20,"KATY PERRY, I AM THE ""DÉCIO CABELO"", ""DECIO HAIR"". I AM 60 YEARS OF AGE. I  DON""T HAVE FAMILY. I""M SINGLE. ALONE. HOMELESS. I WAS AN ALCOHOLIC: 15 AT  THE AGE OF 46. I AM AN INVISIBLE COMPOSER. MY DREAM IS TO RECORD MY SONGS.  COULD YOU HELP ME? PLEASE! PLEASE! I TRUST THAT THE YOU WILL GIVE ME A  CHANCE. I HAVE 109 VIDEOS IN THE YOUTUBE: deciocabelo canal. KATY PERRY, I  WAS BORN IN OCTOBER 25, TOO. THANK YOU VERY MUCH!!! DECIO HAIR.﻿",1,1
45,Portman P.,2015-06-05T10:04:47,"SIMPLY PUT, OUR CUSTOMERS LOVE US... and so will you!https://www.facebook.com/greenleader﻿",1,1
46,KatyPerry TheQueenOfPop,2014-09-22T06:50:24,--&gt;ATTENTION KATYCATS! Katy leads with 7 noms at this year MTV EMA! do vote daily for her: tv.  mtvema. com/vote (delete spaces) thumbs up and share on fb﻿,1,1
47,Elle xox,2014-08-20T02:55:54,Hiya😊 I just started YouTube and it would mean a lot if some of you could  subscribe and watch my first video?xx﻿,1,1
48,Paul Hannam,2014-08-25T05:37:22,In what South American jungle or any jungle for that matter do you find an  African elephant and a bengal tiger in the same place. Who made this video.﻿,0,1
49,Jayki L,2014-08-03T21:20:41,"Subscribe pleaaaase to my instagram account , i'll subscribe back ♥  http://instagram.com/cyrine_ghorbel﻿",1,1
50,Robert Petrea,2014-10-27T22:31:50,"She kinda let herself go, huh?﻿",0,1
51,Beryllium,2014-09-27T21:21:50,Hi everyone! My dream is to have passionate sex with Katy Perry. Some people do not believe in me…but maybe you will. Sex is a giant part of my life and it pushes me to be a better person! Please give me a chance by giving me a thumbs up! If you love my ambition please SUBSCRIBE!﻿,1,1
52,KillerDan,2015-06-05T17:59:36,"Almost 1 Bil. What? Wow, GS sucks, in my opinion.﻿",0,1
53,ahmed soliman,2014-10-28T16:12:32,we all love you Katy Perry &lt;3﻿,0,1
54,Ach raf,2014-08-29T02:10:56,even without make up she is still  hot     http://uk.eonline.com/eol_images/Entire_Site/2012430/reg_1024.katy.mkup.mh.053012.jpg ﻿,1,1
55,ColoursBruh,2014-10-17T00:54:50,Katy has a voice of an Angel﻿,0,1
56,We are proud to be Smilers,2014-11-09T12:31:35,"great song, but we all know that Katy buys her views..﻿",0,1
57,The Robot Green Hypno,2014-11-07T13:37:51,i like this song the video goes perfect with it﻿,0,1
58,Jane Kaspar,2014-09-27T11:50:38,How old is Katy perry?﻿,0,1
59,Nathan Waterhouse,2014-11-10T01:07:06,Check out my acoustic channel ﻿,1,1
60,Lauren And Victoria,2015-06-04T23:00:48,Come check out our parody of this!﻿,1,1
61,imscarlet,2014-10-11T17:16:36,"Every time I watch this mv I just so so so glad that I live in a world that  don't have to worry about running from a real, human eating tiger.﻿",0,1
62,Miss.Farrell Wall,2014-10-09T13:28:49,"i was playing this song and the baby in my belly started to dance to  it.....sooooo cute, but had to take the song out cause of copy right and  add in a youtube made song....still sooo cute the baby danced to this song  LMFAO!!! https://plus.google.com/111982027348137311818/posts/g2JVinPueMo﻿",1,1
63,LuckyMusiqLive,2014-10-09T23:22:50,this song is so addicting. the hook is dope and catchy. love the video too.  I'm getting popular fast because i rap real.. thumbs up if you piss next to  the water in the toilet so its quiet................................﻿,1,1
64,Vena Veno,2014-09-17T22:22:44,She loves Vena. trojmiasto.pl/Vena-Bus-Taxi-o59253.html﻿,1,1
65,by.Ovskiy,2014-10-13T17:09:46,"Rap from Belarus, check my channel:)﻿",1,1
66,Natalya Korshunova,2014-10-14T03:29:19,Katy Perry - Roar (Official): http://youtu.be/CevxZvSJLk8﻿,0,1
67,Christ Is Risen,2014-09-09T17:59:18,I WILL FINISH THIS DISSERTATION! And I will laugh in its face when I  finish! Roaaarrr =3﻿,0,1
68,Eduarda Ketrony,2014-08-11T01:43:41,https://www.facebook.com/photo.php?fbid=543627485763966&amp;l=0d878a889c﻿,1,1
69,Analiner Benny,2014-09-12T15:08:27,I love this shit but I disliked it because it's sucks﻿,0,1
70,Kasia Hill,2014-09-06T02:44:43,http://shhort.com/a?r=G8iX5cTKd﻿,1,1
71,anne baba,2014-08-21T21:59:13,http://www.ebay.com/itm/131275322914?ssPageName=STRK:MESELX:IT&amp;_trksid=p3984.m1555.l2649 ﻿,1,1
72,Marie farias,2014-10-28T18:10:39,Love it when I can relate to my daughter's music. :-) Katy Perry - Roar  (Official): http://youtu.be/CevxZvSJLk8﻿,0,1
73,Those two boys,2015-06-05T03:15:10,Please subscribe to us and thank you﻿,1,1
74,Sam Kesha,2014-11-07T23:21:19,http://www.wattpad.com/story/26032883-she-can-love-you-good﻿,1,1
75,John Chen,2014-09-13T15:37:09,Boooobs﻿,0,1
76,Quinho Divulgaçoes,2014-11-06T19:50:16,me segue ha  https://www.facebook.com/marcos.sousa4?fref=ts﻿,1,1
77,Tomas Adomaitis,2014-10-08T18:24:05,https://www.paidverts.com/ref/tomuciux99 esyest money ever. join to our  team!!!!﻿,1,1
78,katy perry,2014-10-24T14:12:49,Hey Katycats! We are releasing a movie at midnight UK time to celebrate  katy's 30th birthday! Be sure to subscribe to our channel and watch the  movie!﻿,1,1
79,SergiBeCa Official,2014-09-12T03:39:36,Can you check my videos please? Don't hate me :( Give me one oportunity﻿,1,1
80,Nere Overstylish,2014-08-02T23:12:49,check out my rapping hope you guys like it  https://soundcloud.com/nereboy/call-of-the-lostproduce-by-atlastatlas-rapper-jkork  and follow and message me :)﻿,1,1
81,Tiffany Isaiz,2014-10-02T22:53:52,Our Beautiful Bella has been diagnosed with Wobbler's Syndrome. There is no  way we could afford to do her MRI or surgery. She is not just a dog she is  a very special member of our family. Without the surgery we fear we will  lose her. Please help!  http://www.gofundme.com/f7ekgw﻿,1,1
82,The Technology Zoo,2014-09-25T02:20:26,In the beginning she was scared off everything and next thing you know she  is out in a leopard bikini!﻿,0,1
83,IbbyUchiha,2014-08-15T15:52:40,Hey guys. I am a very small YouTuber I upload videos nearly every single  day. I once hope to be like shikas so can you please give 2 mins of your  life to view this channel. and my new video is on how to watch all the  anime for free. and I am pretty sure you wont regret visiting this channel. Thank you!﻿,1,1
84,phemion23,2014-08-21T10:25:48,http://www.mediafire.com/download/yvovhafsv5qzzqo/Video.rar    download and  make money today ﻿,1,1
85,Jessy  Riivera,2014-09-10T01:19:03,I love You Katy ♥﻿,0,1
86,Abhi Vats,2014-09-14T10:27:26,Katy Perry You Are Looking Soo PRETTY DAMN CUTE :-* :-*﻿,0,1
87,Yourmomma Son,2014-11-06T22:17:27,This is so stupid. If you Roared at a Lion in real life you'd dede﻿,0,1
88,Googles top ten pics,2014-11-06T05:26:28,Katy Perry - Roar (Official): http://youtu.be/CevxZvSJLk8. I love this song  and video Katy Perry Rocks Wahoo! 😀😘﻿,0,1
89,snc,2014-09-09T17:08:44,follow me---&gt; https://twitter.com/f0llowshoutouts ﻿,1,1
90,Sarcataclysm,2014-09-20T23:11:39,At least she didn't get rid of her completely useless makeup.﻿,0,1
91,Priyanshu Panta,2014-10-02T13:17:36,https://www.facebook.com/pages/Hiphop-Express/704682339621282                 like this page yo﻿,1,1
92,lekanaVEVO1,2014-07-22T15:27:50,i love this so much. AND also I Generate Free Leads on Auto Pilot &amp; You Can  Too! http://www.MyLeaderGate.com/moretraffic﻿,1,1
93,taione88,2014-09-09T21:03:35,Please share and help to my Friend! http://www.gofundme.com/jormis  Thank  you very much!﻿,1,1
94,Nick McGoldrick,2014-10-27T13:19:06,Check out my drum cover of E.T. here! thanks -&gt;   /watch?v=NO9pOVZ9OIQ&amp;list=UUltuCDIHsDeI01by1OW7WuQ﻿,1,1
95,Braiden Short,2014-09-03T22:46:22,http://shhort.com/a?r=HuPwEH5ab﻿,1,1
96,Mike Music,2014-08-18T14:24:05,"iS IN TOP 10 , IN YOUTUBE TOP VIEWS , ON 9 IS MILEY CYRUS: http://www.google.ro/url?sa=t&amp;rct=j&amp;q=&amp;esrc=s&amp;source=web&amp;cd=1&amp;ved=0CB8QFjAA&amp;url=http%3A%2F%2Fen.wikipedia.org%2Fwiki%2FList_of_most_viewed_YouTube_videos&amp;ei=OQ3yU9DWC8L4yQOYo4GoAw&amp;usg=AFQjCNGKM-Idplal6kuVKoEkVgdTT2jVLQ&amp;sig2=OnqZzad3q3CmNBe9nml4gA&amp;bvm=bv.73231344,d.bGQ&amp;cad=rja ﻿",1,1
97,sunny leone,2015-06-05T15:11:28,https://binbox.io/DNCkM#qT4Q1JB1﻿,1,1
98,ollie123216,2014-10-23T22:20:43,"How do you forget you have a choice, and what the fuck, surviving a plane  crash has a 1/1000 chance of happening.﻿",0,1
99,Santeri Saariokari,2014-09-03T16:32:59,"Hey guys go to check my video name ""growtopia my story""﻿",1,1
100,Mary-Jane Watson,2014-10-20T02:25:02,"She is good. Does she make any more music? If she doesn't, she should!﻿",0,1
101,DicesMusic .,2014-08-27T09:30:35,ima rapper trying to get notice please check out my mixtape   datpiff.com/mixtapes-detail.php?id=633807﻿,1,1
102,Chewwy Moriarty,2014-10-21T20:53:49,I love this song﻿,0,1
103,Daniel Korp,2014-08-24T17:17:17,"katy perry does remind me of a tiger,like as if its her spirit animal :3 &lt;3﻿",0,1
104,sebastian hudson,2014-10-21T18:16:46,katy is mine the girl of my dreams ♥﻿,0,1
105,tomo fr,2014-09-22T08:36:36,I really like this song.﻿,0,1
106,EDIN TIUL,2014-10-31T20:39:28,http://hackfbaccountlive.com/?ref=4344749﻿,1,1
107,Jack lewandowski,2014-09-10T11:48:08,Hi guys i sell Jack Daniel's Hard Back Cover Case for iPhone 5 5S 5C 4S 4   6'' Old Time with only 3 Dollars on Ebay:  http://www.ebay.com/itm/251638183951?ssPageName=STRK:MESELX:IT&amp;_trksid=p3984.m1555.l2649 ﻿,1,1
108,Arianna,2014-11-10T02:18:19,♫I know someone will see this ♥ I have a dream… I don’t have the greatest videos or the best quality Right now I feel like i'm not getting anywhere and I need your help ♫ If you could possibly watch my videos it means the world to me ♥ Please thumbs this up so others can see… I appreciate it so much ♥♫ Please listen before you hate. Honestly i  appreciate it so much  You don’t have to love me just give this 17 year old a chance﻿,1,1
109,Rafi Hossain,2015-06-05T19:55:08,Honestly speaking except taylor swift and adele i don't lile any of the  modern day singers. But i must say whenever i hear this song i feel  goosebumps. Its quite inspiring!! Thanks miss Perry!﻿,0,1
110,Aarjav Parmar,2014-10-18T06:15:45,Man she is BEAUTIFUL!﻿,0,1
111,Kwon Kee,2014-11-09T19:35:44,"Hey yall its the real Kevin Hart, shout out to my fans!!! follow me +RealKevinHeart ﻿",1,1
112,FudgePlaysMC,2014-11-10T18:18:08,My 6th grade teacher looked exactly like Katy Perry come to think of it...﻿,0,1
113,WeMuckAround,2014-08-16T20:59:28,katy perry will u sit on my face please. it would be really awesome and  i'll give you 5 dollars. ok if you want to do this then please call me and  subscribe to my channel first ok thats good and then u sit on my face and  ill get an erection then you sit more k?﻿,1,1
114,John Bello,2014-08-01T21:04:03,Hey everyone. Watch this trailer!!!!!!!!  http://believemefilm.com?hlr=h2hQBUVB﻿,1,1
115,Misael Navarro Leon,2014-09-11T20:19:56,Katy has conqueror's haki &gt;:)﻿,0,1
116,Nice Girl,2014-11-10T18:11:36,*KATY YOU ARE A SHIT GO DIE!!!!!ROAR IS A FLOOOOOOOOOOOOOOOOOOOOP*﻿,0,1
117,jay cruz,2014-09-14T13:52:43,looooooooooooooooooooovvvvvvvvveeeeeeeeeeee ittttttttttttt﻿,0,1
118,Brian Schultes,2014-10-25T01:53:36,this song never get's old &lt;3 ﻿,0,1
119,Jana Trpevska,2014-09-16T10:46:47,Great.This is a song﻿,0,1
120,Mandeep Kaur,2014-09-16T21:03:17,selfie alert﻿,0,1
121,abdilefe,2014-10-18T19:09:29,Plz help me getting 1.000 Subscribers tonight/today.  Thanks to all who sub me :)﻿,1,1
122,Edouard Reyes,2014-09-24T19:31:10,"A  friend of mine has invented a big dick formula. He had a small dick (4  inches) and he did some research about this topic. During the research, he  found out the secret knowledge of penis enlargement. He applied what he  had learned and now he has a 7 inch dick. He was absolutely amazed by his  results. Of course, it took a few months. Therefore, he has written a book  about this issue in order to help guys. He asked me to promote his book :)  So, guys if you are interested and for more info check this out  https://payhip.com/b/oTIb  . He is selling it for symbolic £1. Thank you ;)﻿",1,1
123,J STROMMER,2014-08-11T17:32:00,Take a break from Katie and help me reach 100 subscribers this month!  New  music and free downloads! ﻿,1,1
124,Sheila Cenabre,2014-08-19T12:33:11,I really love this video.. http://www.bubblews.com/account/389088-sheilcen﻿,1,1
125,xsilvermistx,2014-11-07T13:17:57,"I've figured out why I dislike this song: it's supposed to be a power  ballad right? Something that's uplifting and motivating by the end.  However, the final chorus has NO extra UMPH at the end and actually sounds  just like the first one. Instead of crescendo-ing into a powerful finish,  ""Roar"" just says on the same wavelength. It falls flat.﻿",0,1
126,Rayana Santos,2014-09-30T23:41:57,Katy perry songs aren't that bad ﻿,0,1
127,Nicolás Jara,2014-09-10T01:50:55,Click For iTunes code http://shhort.com/a?r=0LaviqU2b﻿,1,1
128,Chloe Steiner,2014-09-16T04:11:05,"Katy Perry is part of me Katy Perry is my firework Katy Perry, I love you﻿",0,1
129,b0b1t.48058475,2014-10-12T03:45:07,i rekt ur mum last nite. cuz da haterz were 2 much 4 meh lik dis if u cri evertim and sponswer mi robox vidz https://www.indiegogo.com/projects/gimme-dem-moneyz-4-roblox/x/8851222#home﻿,1,1
130,Sam Banfield,2014-09-25T19:32:29,My three bigger secrets are: I don't think I'm good enough for me skinny  size. I'm bisexual and I sweat really freaking bad when I'm nervous. -  check out Secret by Austin Mahone's NEW Single!﻿,1,1
131,D Germain,2014-10-29T21:34:30,please look up DHG SONGS this is my playlist with a bunch of amazing songs ﻿,1,1
132,KatyPerry Queen,2014-09-14T09:47:10,Its almost Katys birthday! October 25th Lets say happy birthday to katy!!! ♥♥♥♥♥♥﻿,0,1
133,Robert Kim,2014-09-07T17:13:39,"I'm sorry Katy Perry, I was being weird. I still love you &lt;3﻿",0,1
134,Grace R,2014-10-31T01:02:53,https://www.facebook.com/antrobofficial﻿,1,1
135,DatoJason Jason,2014-09-17T19:52:54,It is a shit﻿,0,1
136,Neo Joey,2014-09-10T09:09:57,Katy perry is and inspirational singer her voice is awesome and I loved her  so much . She achieved music history and I couldn't believe that . Guys if  you could take 1min to go to my channel and watch my first video I would be  greatly thankful for this :) ty guys N katy is still awesome xoxo﻿,1,1
137,Kacy Cluley,2015-06-05T18:59:52,This song means so much to me thank you  soooooooooooooooooooooooooooooooooooooooo much:-) Xxx﻿,0,1
138,Kane Bradford,2014-10-10T18:09:13,I love this sooooooooooooong I love katy perry﻿,0,1
139,Rusty Cohle,2014-08-30T15:22:54,The TREU DETECTIVE alternate ending! __ http://www.funnyordie.com/videos/d15fb87973/true-defectives﻿,1,1
140,Alex Lynch,2014-10-14T17:27:28,"C'mon Katy you are so close to 14,000,000 subscribers...come up with  another hit like this and it will happen﻿",0,1
141,Sheldon Duncombe,2014-09-11T19:09:43,http://www.aaas.org/tech-i/vote#view/25874/2177367 VOTE SHELDON PLEASE  GUYS. GIVE IT 5 STARS. THANKS IN ADVANCE﻿,1,1
142,MagpiedudeGaming,2014-11-10T15:58:40,I hate videos like these with those poor animals.﻿,0,1
143,nleeklee polowtehow,2014-10-24T01:21:49,"she is a fool. this is a foolish video. the lyrics are all about her and  how great she is. she is arrogant, obviously. but the thing is that there  are a lot of idiots.. look how many hits this garnered. the young stupid  girls who listen to her are numbering in the millions i guess. this video  is a piece of trash. why would anyone ever like it or listen to it? because  these stupid little girls have idiots for fathers and mothers.. and so they  are going to turn into idiots also.. just like this stupid singer. ﻿",0,1
144,michael smith,2014-10-30T05:20:18,00 : 39 Im pretty sure that tiger just wanted a hug﻿,0,1
145,Alef Paulo,2014-09-22T14:33:15,Y LOVE YOU﻿,0,1
146,djh3mi,2014-08-06T21:14:15,hey guys!! visit my channel pleaase (i'm searching a dream)﻿,1,1
147,Merenguette,2014-10-21T04:52:03,this video is great .....!!! I love this........and like much katy perry﻿,0,1
148,Magic Johnson,2014-09-16T03:36:41,Katy Perry is garbage. Rihanna is the best singer in the world. ﻿,0,1
149,Khris Parkhill,2014-11-02T02:37:16,The Perry you're doing a good job good job I love all of their videos and  by the way can you please describe to my channel please please please  please I'm trying to get as many comments to Skyburst lights is a cancer  and get famous please﻿,1,1
150,m450nH,2014-11-05T18:30:45,"DAMNNNNNNNN, she is sexy O_O﻿",0,1
151,Maryam Yassine,2014-10-08T12:39:49,OMG I LOVE YOU KATY PARRY YOUR SONGS ROCK!!!!!!!!!!!!!!!!! THATS A TOTAL  SUBSCRIBE﻿,0,1
152,roflcopter2110,2014-09-19T23:18:41,http://thepiratebay.se/torrent/10626048/The.Expendables.3.2014.DVDScr.LEAKED.CLEAN.XviD.MP3-RARBG ﻿,1,1
153,Wonderfulkid,2014-09-27T01:46:14,I love her green eyes﻿,0,1
154,NeverGreen35,2014-10-28T20:04:45,Subscribe me and i subscribe you back!!﻿,1,1
155,tonya parker,2014-09-21T23:01:03,This is the best of the best video in world!!!!!!!!!!!!!!!!!!!!!!!!!!!!!﻿,0,1
156,Mardhy Hassan,2014-10-19T14:59:26,why tiger succumbs to a beautiful girl ?.probably male tiger.....????   ha.ha.ha..﻿,0,1
157,TopMusicWorld HD,2014-10-19T23:27:50,Please Subscribe In My Channel →﻿,1,1
158,Mehmet Ertuğrul Tohumcu,2014-10-03T15:28:05,https://www.facebook.com/pages/Komedi-burda-gel/775510675841486﻿,1,1
159,Jack El Matador,2014-09-02T18:54:01,"should not have paused the music, this is a clip, not a movie.﻿",0,1
160,Miguel Del Valle,2014-08-26T02:44:42,http://9gag.com/gag/aAVpwj9/ =)﻿,1,1
161,MarianMusicChannel,2014-08-24T03:57:52,"Hello! I'm Marian, I'm a singer from Venezuela! I was part of a boy-girl band named cubik, and I'm now singing on my own  'cause I wanted to play my own pop and pop-rock songs.  It would mean a lot if you could have a look at my channel to check my  music and watch my new video!! and if u like, subscribe to it! XOXO THANKS!!  PS: if you like a lot my channel, you can share it with your friends!!  Haha!! LOL MARIAN﻿",1,1
162,Jack Other,2014-08-18T18:05:37,http://www.amazon.com/Knight-Dawn-cursed-Daniel-N-ebook/dp/B00MPPQHRI/ref=sr_1_7?s=digital-text&amp;%3Bie=UTF8&amp;%3Bqid=1408122684&amp;%3Bsr=1-7&amp;%3Bkeywords=knight&amp;tag=wattpad-20     some people are very talented but some are more talented but there is no  sponsor﻿,1,1
163,ΑΓΛΑΪΑ ΛΕΠΤΟΚΑΡΙΔΟΥ,2014-10-24T17:41:52,:-D ♪♪♪ This is my favorite song ♥﻿,0,1
164,Ed Diamond,2014-10-17T16:41:35,"Man she is hot in this one, male companions visit my profile to check out  the coolest sextoy ever made!﻿",1,1
165,Lil Misme,2014-08-09T03:01:25,Hey Guys this is Glamour Beauty! I just started my youtube channel please  go check it out! I'm going to post singing videos and also random videos  that I fell like! Please go to subscribe! More to come soon!. Remember to  subscribe!﻿,1,1
166,Christopher Pete S.,2014-09-07T22:39:21,Subscribe and u are gonna hear me roar ;)﻿,1,1
167,Charles Baptist,2014-08-20T20:18:13,Help Please!!  http://www.gofundme.com/RJanimalcare﻿,1,1
168,احمد الهوارى,2014-10-24T09:55:30,(( rapid facebook )) the free version of all colors and is characterized by  fast and beauty download now https://play.google.com/store/apps/details?id=com.rapid.facebook.magicdroid﻿,1,1
169,Harrison Lloyd,2014-09-16T20:32:46,Imagine this in the news crazy woman found acting like a tiger and bit jims  ear off﻿,0,1
170,Gasser ElLord,2014-10-05T13:59:39,That's Good :)﻿,0,1
171,MR magic man,2014-09-25T10:42:47,Please look at my channel﻿,1,1
172,Darth Vaderbro,2014-09-20T00:05:45,If interested in making extra money by internet use the next link www.swagbucks.com/refer/Nonturtle02﻿,1,1
173,Shaun Mac,2014-10-26T20:10:46,Also LuckyMusiqLive she probably could help u make it big because I think u  have talent. Just look her name up on the internet. Hit me up when u get  this message﻿,1,1
174,Serj Cat,2014-11-06T20:04:45,"Nature is beautiful, no need to place tits in video to impress people.﻿",0,1
175,LuckyMusiqLive,2014-09-15T17:47:57,Katy has the voice of gold. this video really brings the lyrics to life. I  am a rapper with 25000 subscribers.. thumbs up if you hate when you take a  shit and the water splashes your nuts﻿,1,1
176,jessica durham,2014-09-09T06:10:07,"Please help me give my son a grave.  http://www.gofundme.com/BishopsGraveMarker Or please just share it on your  fb page, I do not have one anymore.﻿",1,1
177,J MP,2014-09-19T14:15:13,https://viralangels.com/user/d4aaacwk﻿,1,1
178,Steve Gallagher,2014-09-13T15:05:12,Maybe the best music video in the last 15 years? This is how pop music is  done folks!﻿,0,1
179,Nerdy Peach,2014-10-29T22:44:41,Hey! I'm NERDY PEACH and I'm a new youtuber and it would mean THE ABSOLUTE  world to me if you could check 'em out! &lt;3  Hope you like them! =D﻿,1,1
180,Bruno Alderete,2014-11-02T14:15:55,EVERYBODY PLEASE VOTE KATY AT EMA 2014 !!!!!  Best song  Best female Best pop Best live Best look  Best video  PLEASE VOTE KATY !!!!! PLEASE PLEASE PLEASE !!!!! VOTE VOTE VOTE !!!!! KATY KATY KATY !!!!!﻿,1,1
181,Oreja Ramanauskaite,2014-11-08T20:37:45,https://www.tsu.co/ToMeks Go register ;) free money;)﻿,1,1
182,Sofi Duarte,2014-09-10T23:34:14,3:46 so cute!﻿,0,1
183,hassan ss,2014-11-05T11:36:42,https://www.facebook.com/photo.php?fbid=313454548839369&amp;set=a.207230212795137.1073741825.100005244783212&amp;type=1&amp;theater  1111111111111111111﻿,1,1
184,Salena Oneal,2014-10-16T12:24:32,If you looking for new music to listen to check out cece song called  dead2me on iTunes music video out now right here on youtube.﻿,1,1
185,David Sean,2014-09-15T10:53:46,"Hey guys! I've made a amazing Smiley T-Shirt.Of all the things you wear,  your expression is the most important and remember all the statistics in  the world can’t measure the warmth of a smile. If you're a big fan of  T-Shirts and want to gets more happiness, it's perfect for you.  Check this  out and buy it at www.teespring.com/smiley12 =)) thanks you guys so  much!!! ﻿",1,1
186,Brandon Tomlin,2014-10-17T18:34:08,Like my page please...  https://m.facebook.com/Dreaddis?ref=m_notif¬if_t=fbpage_fan_invite&amp;actorid=1442646731  ﻿,1,1
187,Fazeela Boodoo,2014-11-06T13:44:00,It looks so real and my daughter is a big fan and she likes a lot of your  songs.﻿,0,1
188,ELPaso1990TX,2014-11-05T17:37:25,I'd rather hear some propa explicit gangsta rap insted of this garbage.  This song is trash !﻿,0,1
189,Big BossVEVO,2014-09-22T17:26:19,follow me on instagram bigboss286﻿,1,1
190,desing,2014-10-08T07:19:15,Who else would give Katy perry a good old mighty roar? ;)﻿,0,1
191,RezAIIDay,2014-11-05T22:50:58,Such a good song ans Katy sounds great over the melody. Im growing as an  artist everyday from my hit song 'CRAZY' which has got my name out there.  cant thank my fans more for their support. If you could take a moment? to  check it and my music? maybe you'll join me to make my dream come true :)  thank you for your time﻿,1,1
192,Marieke Sp33lma,2014-09-16T12:53:43,Watch my videos xx﻿,1,1
193,Ella-Grace Aldred,2014-10-13T10:58:22,Is that tiger called 'Katty Purry'?﻿,0,1
194,Emma C,2014-09-18T22:27:19,i am a big fan of you and i love you﻿,0,1
195,MrCollinGabriel,2014-09-20T00:50:13,"This is fucking shit. From the first notes, that becomes clear. Complete  and utter shit. May God come and cleanse the earth of the complete and  utter idiocy which is humankind.﻿",0,1
196,Gram Bangla,2014-09-12T09:03:16,WOW VERY NICE CONGRASULATION I LIVE SO MUCH http://en.prothom-alo.com/sport/news/53331/Zimbabwe-A-team-due-in-Dhaka-Wednesday ﻿,1,1
197,Bobby Carlos,2014-11-06T16:30:30,"Lets be honest, you wouldn't last 1 day on your own in the jungle. Stop  living n a fairy world.﻿",0,1
198,Jackson Heber,2014-11-01T17:28:29,I love katty perry﻿,0,1
199,Matt Twine,2014-10-10T16:24:57,Nice song .See my new track.﻿,1,1
200,tombraiderxXx12,2014-09-07T18:38:10,I'm not a big fan of the song but this video is awesome!﻿,0,1
201,Taina Boaventura,2015-06-04T17:16:09,curti? click here ?  https://www.facebook.com/demiilovatofas?ref=hl   https://www.facebook.com/pages/Frases-Secretas/448800865296855?ref=hl﻿,1,1
202,alin silviu lazar,2014-10-05T15:13:27,http://www.googleadservices.com/pagead/aclk?sa=L&amp;ai=CSyOEB1wxVPCfL7D27AbGpYDgBJDPm6IH6MHu05wBgJXbv8sBEAEgkN7lJVCF7byH_f____8BYIOFgICAHKABsKG31wPIAQKpAh_KmC0hBpM-qAMByAPBBKoEkwFP0KullxqI1MG6o43HVzE-eFMqRG4Tu5LLBU_fsZ8gn0HBkJhBX-m83W1TS3_3Dx_HwPdX1Kazsj8o7SIEcVJjmBNsWyiJEcqvHXLbdzStUBOFaloYInWm0_rOOCppS2AuAT6zguICKm0lI83duwMAbzqvenE8TRfAzOrltBb037VzYv_XI4hBNQ2nvh19MrBgE0SIBgGgBgKAB7jeyCg&amp;num=1&amp;cid=5Ggs_m_9mA3TI40fS6mVPICS&amp;sig=AOD64_1OFC7Seh_1pOp-jYrbS7X6-heeNQ&amp;client=ca-pub-8252267209931889&amp;adurl=http://blog.2parale.ro/2014/10/challenge-pentru-afiliati-aplica-la-noile-programe-de-afiliere-si-fii-business-boomerul-lunii/&amp;nm=2&amp;mb=2&amp;bg=!A0QoUc7Q48v3_QIAAABpUgAAACsqAR0_VgOQWQxjmPUyvKoSf3K-q1BvKf9ZE4jhNC3ovckKxCbAFzZpAJiBXWBvVq4jrDgZ8q3rInlwgaBy_bXlfw7ma6dk0RJG14ZkRyizwqdi7HxgGE9tNDD9abflTFkBMbFfcJixNtHwbwkJ6N2onLH2D9EvEagPhoEwXOgBnu5ibgtRkgnAcQ1OIbgMzgAFNSc0lsaRiqj8HQR8T12dWv_7biY4k6I3y4yubloTdE_4XVKlnVeADZzF1L_xRYQkE6Wsur3EdLJWGk8fLq_QALdI-wAzNuysgqjNRDY6VucKLplZONyiSdKc9ebX-0dbHjZdW0LbsJBi40gXm0D0p5KRhv8XInQlI53__wQBaHS8zX4MJHw5vWrkPXFOeKs ﻿,1,1
203,Λυδία Γκ,2014-09-30T16:18:44,She's awesome XD﻿,0,1
204,Caitlin Hepton,2014-11-07T21:02:30,i like this song because of all the animals and i like this song .﻿,0,1
205,nailey nicool,2014-09-25T20:24:40,https://www.facebook.com/pages/Nailey-nicool/629410220489046?ref=hl like  mee﻿,1,1
206,Magic Man,2014-10-06T19:57:32,DOWNLOAD RAPID FACEBOOK FOR FREE NOW https://play.google.com/store/apps/details?id=com.rapid.facebook.magicdroid﻿,1,1
207,ocean pacific,2014-08-30T23:08:02,The new Makeup Transformation with Integrated Look-A-Like Feature now  available in Ver 1.13! Do you know who you look like? Install or update  your version of Makeup Transformation  https://play.google.com/store/apps/details?id=com.yourelink.makeuptransformation  or visit Google Play.﻿,1,1
208,Alain Marius,2014-10-30T16:19:21,http://vimeo.com/106865403﻿,1,1
209,BIANCA FLORENTINA MANTA,2014-11-07T11:25:13,Katy Perry is lion﻿,0,1
210,Ari4Cortez5Ortiz 9Uria,2014-09-18T15:57:36,Katty perry please say in one of your new videoes that they follow the  Girls Girls please﻿,1,1
211,Jouri Osman,2014-09-13T15:05:13,I love KATY PERRY &lt;3 &lt;3﻿,0,1
212,TWIN MELODY,2014-09-02T19:57:01,"  HI!:D!:) We’ re TWIN MELODY ,17 year old twins :) WE DID SOME COVERS!!WE DID A COVER OF BIRTHDAY BY KATY PERRY!!  PLEASE JUST TAKE 1 SECOND AND WATCH IT!! THANKS,MERCI,GRACIAS,DANKE,OBRIGADO,GRAZIE ….    !!!  &lt;3  XX HAVE A NICE DAY!!:D﻿",1,1
213,Technibility,2014-09-12T21:08:47,Great video by a great artist in Katy Perry! Admire her creativity! Check  out our channel for no nonsense mobile tech reviews and comparisons as well  as an iPhone 6 and 6 Plus review and comparison!﻿,1,1
214,Tiny Tim,2014-10-11T02:28:19,What does that tattoo on her right tricep say?﻿,0,1
215,IMustKillGoogle+,2014-10-25T20:10:35,Glad to know im not the only one who knows its katheryn's birthday today :)  happy birthday katy...and my sister. (they seriously have the same  birthday...)﻿,0,1
216,Kasia Fabisiewicz,2015-06-05T19:02:05,&lt;3﻿,0,1
217,sreekrishna praveen,2014-10-31T07:37:32,i love you katy perry because you will sing nice than shakira﻿,0,1
218,monal shah,2014-11-10T09:00:34,"https://apps.facebook.com/my-polls/utsitcompetition2014?from=user_link&amp;ref_id=ouxg5e .  Please open this link and vote for  anand niketan international school, the  project name is project Fr-e-dom and share it with  yours friend.﻿",1,1
219,Bi - Bases of Image [Musical videos],2014-10-15T11:02:31,Visit my channel﻿,1,1
220,Annie Trace,2014-10-06T16:13:36,If only I had the body like Katy Perry :)). She looks so hot. I love her  ^^!﻿,0,1
221,subscrool,2014-10-21T15:07:11,"666,002,018 views! 666 million. 666! Katy Perry illuminati confirmed!!!﻿",0,1
222,Radiovarietyshow,2014-09-27T20:00:52,"I hear this all the time on radio and its really irritating. That being  said, i like the video﻿",0,1
223,Truc Ng,2014-11-04T13:13:28,https://www.facebook.com/myfunnyriddles﻿,1,1
224,Emilie Tifani,2014-09-29T15:33:59,j aiiima plzzz  https://www.facebook.com/pages/%C3%89c%C3%B8l%CE%B5-al-ma%CE%B7b%CE%B5t/302703146601369 ﻿,1,1
225,Jennika Chua,2014-08-11T13:38:22,https://www.facebook.com/photo.php?v=4483179854075&amp;set=vb.1727483389&amp;type=2&amp;theater ﻿,1,1
226,GX2re,2014-10-26T08:33:48,Katy Perry can't sing for shit. All i hear it autotune.﻿,0,1
227,Julia Szefer,2015-06-05T18:13:30,Katty is the best! ! ! ! ﻿,0,1
228,Vincent Lenzi,2014-09-22T23:23:33,Free itunes $25 giftcard codes: http://shhort.com/a?r=OOCnjqU2b﻿,1,1
229,WWWWWWWWWWWWWWWVWW,2014-10-13T06:57:57,she is horrible at acting. cringe-worhty.﻿,0,1
230,Martwy Karas,2014-11-07T19:33:46,Katy Perry's songs are the best of the songs of women artists.﻿,0,1
231,Orfeu LUZ DO SOL,2014-10-12T07:23:27,She is a perfect wonder.....﻿,0,1
232,randman21,2014-10-24T17:11:17,"I just realized that this verses in this song have the exact same melody as  the verses in ""Hey Ho"" by the Lumineers.﻿",0,1
233,Mai Nguyễn,2014-08-28T03:53:35,"help me click on the subscribe Mai Nguyen, thank you﻿",1,1
234,themind blasters,2014-10-29T19:39:38,plz subscribe to my channel i need subs and if you do i will sub back i  need help﻿,1,1
235,LuckyMusiqLive,2014-10-30T17:58:18,this song gives me strength! love her lyrics. this video really brings the  lyrics to life. I'm getting known fast because i rap with meaning.. thumbs  up if you piss next to the water in the toilet so its quiet...﻿,1,1
236,GGSCommunity,2014-09-07T22:36:24,"Like Gorlin-Goltz Syndrome Support Community, you are not alone. https://www.facebook.com/GorlinGoltzSupport﻿",1,1
237,Kaida Tong,2014-09-19T19:25:33,"Since she is a feminist champion, why would she want to reinforce the  stereotype of girls being girly by painting the nails of an elephant that  probably wouldn't even appreciate it?﻿",0,1
238,Alexander Mcdonald,2014-10-13T09:19:13,"Anyone Who LOVEs music , please go check out my youtube page and tell me  what you think . I just put a video up and will be doing more song. I'm  just trying to get myself started. Any love is much Appreciated ﻿",1,1
239,Manuel Ortiz,2014-08-07T17:46:23,Nice! http://www.barnesandnoble.com/s/BDP?csrfToken=I9tIxe8cNkCosOqkEMGjLU5uwv6nSXSO&amp;sort=DD&amp;size=90&amp;csrftoken=89Iyec7nrWP5NYtnO5U7amhVmfLUtgGL&amp;dref=5094&amp;keyword=BDP&amp;store=EBOOK ﻿,1,1
240,Made2Falter,2014-09-09T23:55:30,"Check out our vids, our songs are awesome! And that I guarantee :)﻿",1,1
241,Freya Questionmark,2014-10-21T13:50:47,"Good thing she brought her spray-on tan, hairstylist, makeup artist, and  cameraman.﻿",0,1
242,maurice davis,2014-09-07T02:59:54,If she really did this there she's hardcore﻿,0,1
243,Danny Ly,2014-10-09T00:37:48,FREe ITunes Gift card http://shhort.com/a?r=x6J4gBrne﻿,1,1
244,adrianavargova,2014-10-29T09:46:20,"When I hear Katy singing this, I cry. The song has got depth.﻿",0,1
245,big macintosh,2014-10-16T12:21:58,Wow she is sexy XD﻿,0,1
246,Anders Lundgren,2014-11-07T18:08:44,"#nowplaying ""Weekendmix"" track 04 : Katy Perry - Roar (DJ Denis Shmelev &amp; DJ Alex Serov Remix) http://youtu.be/CevxZvSJLk8   Listen live at: www.smartfm.nl/livestream.html﻿",1,1
247,Amana Amjad,2014-09-16T11:36:51,Awesum song!! Jus luv it!﻿,0,1
248,Jamie Breedlove,2014-11-10T18:18:04, I love your music ﻿,0,1
249,MrSlowGhost,2014-10-21T15:30:56,It should be illegal to be this goodlooking as this babe is...﻿,0,1
250,Jian Li,2014-09-16T07:45:05,"see it all, human folly right?﻿",0,1
251,LuckyMusiqLive,2014-09-25T22:54:00,katy is beautiful. and this song is catchy. I'm a rapper with 25000  subscribers.. thumbs up if you hate when you take a shit and the water  splashes your balls﻿,1,1
252,Marnell Ampungan,2014-11-09T13:43:04,Check out this video on YouTube:Facebook lhudygirlamaya ﻿,1,1
253,Eder Rodriguez,2014-09-07T19:30:24,katy perry  just stop it and dont do a song i dont like it﻿,0,1
254,Veronica Kkk,2014-09-14T14:17:49,My telephone!﻿,0,1
255,Ghazwan Mattoka,2014-09-23T17:19:23,Nice song﻿,0,1
256,Mohammad Abdelhafez,2014-09-20T12:33:21,Hey guys subscribe to my channel for no reason! Please!..﻿,1,1
257,o olek,2014-09-11T17:43:49,The great mother of the jungle. Sweet and natural. I like her videos.﻿,0,1
258,Rafael Macho Gonzalez Jr,2014-11-08T17:22:54,I love that you subscribed﻿,1,1
259,Ashley Smith,2014-10-25T15:23:36,"Hey ! I know most people don't like these kind of comments &amp; see at spam,  but I see as free advertising . So please check out my cover of Sparks Fly  by Taylor Swift ! It is not the best ever I know, but maybe with some  encouraging words of wisdom from many of you I can become better! Please go  to my channel and check it out !﻿",1,1
260,Richard Valko,2014-09-07T15:01:49,Follow me watch my videos :) Follow me watch my videos :) Follow me watch  my videos :) Follow me watch my videos :) Follow me watch my videos :)  Follow me watch my videos :) Follow me watch my videos :)﻿,1,1
261,ali aydın,2014-10-25T16:59:02,I like you . Katy Perry 600▲60▲6▲﻿,0,1
262,Sam Klein,2014-08-31T03:52:29,"She named the tiger Kitty Purry  No, seriously, she did, check the video ﻿",0,1
263,Walker's.Enchanted.Music.Channel,2014-09-11T02:15:22,"i think they were drunk when they shot the first half of the video and then the sec on half comes in, and her boobs are magically bigger and  she's more beautiful suddenly, and the dude practically vanishes ﻿",0,1
264,Thalia Grace,2014-09-14T15:55:13,This comment will randomly get lot's of likes and replies for no reason. I  also like Jello. Strawberry jello.﻿,0,1
265,Tushti Chakraborty,2014-09-19T15:30:47,I &lt;3 Katy Perry!﻿,0,1
266,Evin Alshamas,2014-08-12T05:20:24,Subscribe me please﻿,1,1
267,Dana Nipper,2014-10-09T23:17:15,katy perry is awesome﻿,0,1
268,Jacky Chan,2014-11-08T14:17:38,For latest movies 2014 please visit this site  http://www.networkedblogs.com/p/11cPWb?ref=panorama﻿,1,1
269,Nick M,2014-09-16T03:45:43,https://www.reverbnation.com/slicknick313/songs﻿,1,1
270,Flynn Rider,2014-08-20T19:04:01,Watch Maroon 5's latest 2nd single from V (It Was Always You) www.youtube. com/watch?v=TQ046FuAu00﻿,1,1
271,sarah fitzgerald,2014-09-20T07:43:50,Please subscribe every sub gets a shout out tell me what type of videos u  want and I will try make it happen﻿,1,1
272,fortune kitty52,2014-10-11T11:26:00,Since when has Katy Perry had her own YouTube channel?﻿,0,1
273,Artady,2014-08-11T16:27:55,https://soundcloud.com/artady please check my stuff; and make some feedback﻿,1,1
274,Ken Santiago,2014-09-11T15:05:08,Roar is without a doubt your best song...feel good song with a message for  everyone. Good job Katy﻿,0,1
275,Yonate,2014-10-28T17:22:33,Sign up for free on TSU and start making money on social media add/follow  me and ill add follow you!! http://tsu.co/Roberts9010﻿,1,1
276,Emily Thrun,2014-10-27T21:59:07,Put famous people in the jungle for an hour and look what happens.﻿,0,1
277,MeSoHornyMeLuvULongTime,2014-10-18T04:58:21,This video is so racist!!! There are only animals.﻿,0,1
278,haribo elf,2014-10-21T21:09:29,She is fit﻿,0,1
279,Denzel Saimi,2014-10-26T08:38:36,I fucking hate her. Why? Because she don't write her songs she got  producers for that. Second why tha fack is she in every song almost nude  mayby because she's an attention hooker.﻿,0,1
280,Michael Jurek,2014-11-02T13:37:06,I did a cover if u want to check it out THANK U.....Michael Age 8﻿,1,1
281,Buffo hrdfjiu,2014-09-13T17:48:14,"I really don't understand how this has 600 million views lol. I'm not  hating or anything, it's just confusing. ﻿",0,1
282,Hany Faisal,2014-09-22T10:08:17,my son love so much﻿,0,1
283,citywok68,2014-09-20T03:45:12,Hey guys plz check out my youtube channel to c funny 2 girls 1 cup reaction  thanks and plz subscribe! Thanks﻿,1,1
284,Kathy L.,2014-09-08T01:03:41,In my opinion I think you look better with black hair then blond hair : )﻿,0,1
285,Aviel Haimov,2014-08-01T12:27:48,http://psnboss.com/?ref=2tGgp3pV6L this is the song﻿,1,1
286,xhonavsky,2014-09-06T20:17:52,"I love this song, it´s for empowering every woman :)  ""you´re gonna hear me roar"" ;)﻿",0,1
287,ikbal kemerkaya,2014-10-20T17:56:04,I LOVE YOU KATTY PERRY &lt;3 ﻿,0,1
288,Yerki el duro,2014-09-03T11:29:56,Nicee!!sabrosura viva https://soundcloud.com/yerki-elinmigrante/yerki-myb-move-your-body﻿,1,1
289,Pyunghee,2014-07-27T01:57:16,http://www.billboard.com/articles/columns/pop-shop/6174122/fan-army-face-off-round-3 Vote for SONES please....we're against vips....please help us.. &gt;.&lt;﻿,1,1
290,MB LOVE,2014-08-13T03:04:34,Subscribe to My CHANNEL﻿,1,1
291,Chris Madzier,2014-10-29T01:23:19,Katy Perry - Roar (Official)  #soundsofsunday   #music  ﻿,0,1
292,Soundhase,2014-08-19T18:59:38,Hi Guys! check this awesome EDM &amp; House mix :) thanks a lot..  https://soundcloud.com/soundhase/edm-house-mix-2﻿,1,1
293,Amanda C,2014-10-05T23:21:13,Awesome video this is one of my favorite  songs😀😀😀😀😀😀😀❤️❤️❤️❤️❤️❤️❤️❤️💎💎💎💎💎💄💄💄💄💋💋💋💋﻿,0,1
294,Deepty Awasthy,2014-10-07T03:41:31,"The song is very good ...but the video makes no sense...just a nonsense  video...I mean she is telling her story of being stuck on an island, but  the song doesn't fit in the situation...but nvm...The song is good﻿",0,1
295,Frank co,2014-08-30T11:00:35,http://www.bubblews.com/news/6401116-vps-solutions﻿,1,1
296,Pettrus Ortega,2014-09-18T11:35:49,"THIS IS A COMPETITION TO MEET MY IDOLS, IT WOULD MEAN SO MUCH IF YOU GUYS  WILL LIKE THIS PIC ON IG! http://instagram.com/p/smZdivopxb/﻿",1,1
297,Patricia  Reyes,2014-10-23T05:24:14,I love the song roar it make me think am fill the way﻿,0,1
298,Charles Breheny,2014-10-25T15:55:59,Www.youniqueproducts.com/joannagordon Younique by Joanna Gordon www.youniqueproducts.com﻿,1,1
299,Boshra Abdrhman,2014-10-29T09:53:12,Love it﻿,0,1
300,Cem Devecioğlu devecioğlu,2014-11-10T16:14:20,Hii youtube﻿,0,1
301,Shane Lumsden,2014-09-23T10:42:34,Where did she find all that make up in a freakin jungle?!﻿,0,1
302,Rahul Thorat,2014-09-09T11:26:50,You gonna hear me ROARRRR.....﻿,0,1
303,Free Fire,2014-11-08T05:02:26,"Hey Guys, I know you tend to skip these comments, but Take a look first.  I am Free Fire, A Big Room, Progressive House, Deep House, Dubstep &amp;  Chillstep Producer from a small town in Missouri. Down here, I have no  support from the community, and all I really ask is some critiquing,  Support, and Views.   My Music has gotten much better then what it was 10 months ago, and I  promise my new content should be more then satisfying. Soon I should be  able to advertise and I wont pester you guys anymore.  So gimme a chance and check out my music, thanks and god bless.﻿",1,1
304,Ronnie Cromer,2014-09-24T14:45:16,"You are all sheep, period. This is terrible music.﻿",0,1
305,makayla Yarborough,2014-11-10T17:00:11,I love this song!!!﻿,0,1
306,youngj,2014-10-29T11:28:58,People who believe in Illuminati are stupid the same people believe that  911 was made by the American government﻿,0,1
307,Ramen Noodles,2014-09-22T05:28:44,"She's got it all. Incredible voice, extremely hot, nice tits﻿",0,1
308,Feredea SJ,2014-10-13T09:03:58,"I love katy fashions tiger, care to visit my blog sinar jahitan  I also have the tiger collections tqvm﻿",1,1
309,Mauro Tricolor,2014-10-30T20:43:47,http://minhateca.com.br/mauro-sp2013/Filmes+Series+Desenhos+Animes+Mp3+etc﻿,1,1
310,Aemon Sevker,2014-09-07T19:34:29, GO TO MY CHANNEL and check out my written songs﻿,1,1
311,Bader Awesome,2015-06-05T18:21:28,That was very good I mean very very much good ﻿,0,1
312,Romix &amp; Muffy,2014-09-27T19:10:39,NOKIA spotted﻿,0,1
313,caleb owczarzak,2014-09-09T22:35:25,This looks so fun and it's a good song﻿,0,1
314,OFFICIAL LEXIS,2014-11-04T20:24:58,Hi everyone! Do you like music? Then why not check out my music channel.  The LEXIS band will be uploading their own songs and covers soon so don't  miss out. Please SUBSCRIBE too as it does help us out a lot. Just takes one  click. -&gt;﻿,1,1
315,Rolando Viray,2014-09-16T07:11:53,This Song Was Good Until It Got Overplayed The Hell Out Of On Radio﻿,0,1
316,Rick Casse,2014-10-15T05:00:50,VOTE FOR KATY FOR THE EMAs! #KATYCATS  http://tv.mtvema.com/artists/katy-perry/i38xh1﻿,1,1
317,Sanfermuebles Muebles,2014-10-03T19:58:57,https://www.facebook.com/profile.php?id=100007085325116﻿,1,1
318,MyNameIs Leah,2014-09-13T12:27:00,"Hey guys!  Can you please SUBSCRIBE to my channel,because I'm gonna filming a video so  hope you guys like it and thank you so much for you're support! Xoxo,Leah!  &lt;3 ﻿",1,1
319,roflcopter2110,2014-09-19T23:15:14,http://thepiratebay.se/torrent/10626835/The.Expendables.3.2014.DVDSCR.Xvid-DiNGO ﻿,1,1
320,Nadeen Efein,2014-10-01T21:15:49,hi beaties! i made a new channel please go check it out and subscribe and  enjoy!﻿,1,1
321,DIIL GANG,2015-06-04T19:02:10,http://www.ermail.pl/dolacz/UnNfY2I=                  Please click on the  link﻿,1,1
322,TheParkourGamingPotato,2014-09-10T22:58:23,subscribe to me﻿,1,1
323,moaz adnan,2015-06-05T20:01:23,who is going to reach the billion first : katy or taylor ?﻿,0,1
324,Angie Sivrikozi,2014-08-27T21:12:48,"Its a good song and i like her video clip, because its a bout a girl that  her airplane crashed on a land far far away... and she found the way to  survive! And i love the pet tiget too( Kitty Purpy) lol :D﻿",0,1
325,Erica Ross,2014-07-27T02:51:43,"Hey guys! Please join me in my fight to help abused/mistreated animals! All  fund will go to helping pay for vet bills/and or helping them find homes! I  will place an extra emphasis on helping disabled animals, ones otherwise  would just be put to sleep by other animal organizations. Donate please. http://www.gofundme.com/Angels-n-Wingz﻿",1,1
326,Paul Lewis,2014-11-07T15:05:25,"""....because I AM a champion...and you're gonna hear me roar!""   Today I AM my own champion  Today I AM a champion for the Creator  Today I AM doing positive in my world Today I AM blessing and healing all around me Today I AM successful and  creating success  ﻿",0,1
327,Paola Zelaya Deras,2014-11-07T01:17:29,This song is so AWESOME!!!She made everything stand out and all the viewers  could imagine themselves at the setting of the video. Awesome Job Katy  Perry!!!!﻿,0,1
328,Sofia Aristizabal,2014-09-09T00:43:52,"I loved, she is amazing.. OMG your eyes*_*﻿",0,1
329,uranium 239,2014-10-13T16:22:59,"blue eyes, can't be trusted.  uranus bless america.﻿",0,1
330,Destiny Cable,2015-06-05T03:33:16,PLEASE VOTE FOR ME FOR THE WET SEAL MODEL 2015 CONTEST! MY INSTAGRAM  USERNAME IS destinyforever_  http://www.wetseal.com/modelsearch15/modelsearch15.html﻿,1,1
331,Hude Deni,2014-10-25T08:13:25,HAPPY BIRTHDAY KATY :) http://giphy.com/gifs/birthday-flowers-happy-gw3JY2uqiaXKaQXS/fullscreen  (That´s not me)﻿,1,1
332,Peter Wilkes,2014-09-15T15:48:57,"really want this video to get 1 billion views, would be amazing!﻿",0,1
333,FreexGaming,2014-10-18T08:12:26,want to win borderlands the pre-sequel? check my channel :)﻿,1,1
334,zeynep saka,2014-08-23T05:58:47,I #votekatyperry for the 2014 MTV #VMA Best Lyric Video! See who's in the  lead and vote:  http://on.mtv.com/Ut15kX﻿,1,1
335,blondedbythelight703,2014-09-09T20:36:30,She's an old Whore!﻿,0,1
336,Littleprincess,2014-08-31T21:50:57,Perfect! &lt;3﻿,0,1
337,Chris Madzier,2014-09-16T22:50:28,Your going to hear me Roar !!!! :-))))   #soundsofsunday ﻿,0,1
338,Alanoud Alsaleh,2014-09-15T18:27:56,"I started hating Katy Perry after finding out that she stole all of the  ideas on her videos  from an old comic book. Yet, her music is catchy. ﻿",0,1
339,ENZOxDV9,2014-09-12T19:45:34,"this video is very inaccurate, a tiger would rip her face of﻿",0,1
340,nanaIAMNANA,2014-10-18T12:41:41,Hi! I would appreciate it if you all could help to like this poster on  Facebook:  https://www.facebook.com/nyghdramafest2014/photos/a.333608120156973.1073741830.327568907427561/333607726823679/?type=3&amp;theater ﻿,1,1
341,Rajesh Bhat,2014-10-15T05:15:27,"My honest opinion. It's a very mediocre song. Nothing unique or special  about her music, lyrics or voice. Nothing memorable like Billie Jean or  Beat It. Before her millions of fans reply with hate comments, i know this  is a democracy and people are free to see what they want. But then don't I  have the right to express my opinion? Please don't reply with dumb comments  lie ""if you don't like it don't watch it"". I just came here to see what's  the buzz about(661 million views??) and didn't like what i saw. OK?﻿",0,1
342,Ricky Smith,2014-09-07T02:43:55,This song makes me want to drink bleach﻿,0,1
343,Nathan Waterhouse,2014-09-16T14:21:04,Please check out my acoustic cover channel :) thanks ﻿,1,1
344,bea boots,2014-09-14T12:42:56,great song you go katy!﻿,0,1
345,Mättr Valleni,2014-09-10T21:38:12,https://m.facebook.com/story.php?story_fbid=764484966942313&amp;id=754989901225153&amp;ref=stream  gf﻿,1,1
346,maddog1431,2014-08-12T18:38:42,Check out my covers I have a video coming out  please subscribe﻿,1,1
347,Fredrik Jonsson,2014-10-19T16:07:16,Thank you KatyPerryVevo for your instagram likes @axeljonssons﻿,1,1
348,Yoshi does Minecraft,2014-09-12T21:41:24,Are those real animals﻿,0,1
349,MntDewWigger,2014-11-09T12:50:06,check out mah girl it duh shit yo﻿,1,1
0,Alex Jansen,2015-05-28T00:04:06.940000,2011- the last year of decent music.﻿,0,2
1,Lotoya Bolan,2015-02-20T01:53:33.412000,Check out this playlist on YouTube:﻿,1,2
2,Deyanira  Urena,2015-05-19T23:09:27.619000,That shake and that golden and black robot were really partying ﻿,0,2
3,Oscar Yovera Palacios,2015-05-16T01:24:57.701000,likeeeeeeeee﻿,0,2
4,Jarelys Mellado,2015-02-23T00:37:24.817000,Check out this video on YouTube:<br /><br />﻿,1,2
5,OFFICIAL LEXIS,2014-11-04T20:26:48.030000,Hi everyone! Do you like music? Then why not check out my music channel. The LEXIS band will be uploading their own songs and covers soon so don&#39;t miss out. Please SUBSCRIBE too as it does help us out a lot. Just takes one click. -&gt;﻿,1,2
6,Fernando Luis Vega martinez,2015-02-20T01:30:11.826000,Check out this playlist on YouTube:﻿,1,2
7,joe pepin-leblanc,2015-05-27T22:19:11.429000,"super nice, love musique﻿",0,2
8,yenis maría Rodríguez,2015-05-28T01:14:19.847000,2015 LIKEEE﻿,0,2
9,Alex Despotovic,2014-11-08T05:52:20.157000,Check out my youtube channel for cool beatboxing (:﻿,1,2
10,FERTHEBOSS1,2015-05-26T16:54:58.587000,they Shuffle hard that they made an Earthquake in Nepal﻿,0,2
11,はれたらいいね,2015-05-16T20:51:51.477000,"So,cool！！﻿",0,2
12,snsddien,2015-05-27T13:17:02.665000,This awesome song needed 4 years to reach to 800 mil views while Tango Switch bitch needed 1 year. its not fairrrrrrr﻿,0,2
13,Eric Carbajal,2015-01-26T18:27:00.309000,Check out this video on YouTube:﻿,1,2
14,Amber Wentworth,2015-03-01T16:53:54.318000,Check out this video on YouTube:﻿,1,2
15,Maria Martinez,2014-10-12T03:13:00.872000,Check out this video on YouTube:﻿,1,2
16,Joe Ybarra,2015-05-12T06:07:23.379000,Guys lmfaois going to have a reunion on June/27/15 at expo Idaho gardens there going 2 performe live and there&#39;s going 2 be a press conference after to answer questions about were there been its all live on my channel I got publishing rights subscribe to my channel to watch the whole thing if u don&#39;t believe me look it up hope to see all u true fans there and yes it&#39;s free ﻿,1,2
17,devon smith,2015-04-18T16:15:24.463000,Check out this video on YouTube:﻿,1,2
18,NoName,2015-05-17T01:07:13.243000,"870,000,000 views...566,000 comments...oh my lanta﻿",0,2
19,Paul Garza,2015-05-24T17:13:37.700000,Check out this video on YouTube:﻿,1,2
20,Miix_MC,2015-05-21T14:01:01.480000,epic﻿,0,2
21,Por Phizer,2014-10-16T20:10:15.922000,Hey Guys Jaylan Here And I Just Wanted Everybody To Know if Yall Can Subscribe Please That Would Be Great! This Is My New Gaming Channel (Have Not Uploaded Yet)But I Will Upload If I Hit About 10 Subs Thank You :D﻿,1,2
22,Whami inc.,2014-09-27T17:41:15.536000,go check out our video﻿,1,2
23,Brianna Reed,2015-05-25T03:02:02.615000,I LOVE YOUR SONGS﻿,0,2
24,EDWARD  PALMA ,2015-05-26T22:40:08.281000,This the best song i ever hire<br />﻿,0,2
25,Naomi Rayner,2015-05-17T16:33:08.950000,I love it﻿,0,2
26,lol Ippocastano,2015-05-26T20:33:36.195000,"Stop,is a very TOP 1﻿",0,2
27,dan reyes,2015-05-09T13:49:23.857000,Check out this video on YouTube:﻿,1,2
28,Peter Sadek,2015-03-09T18:44:22.184000,Check out this playlist on YouTube:﻿,1,2
29,sarah-ann erasmus,2015-01-20T15:02:17.552000,Check out this video on YouTube:﻿,1,2
30,Silvia Bascur,2015-05-28T03:26:23.957000,wow!!!!!! increible song!!!!!!!!!﻿,0,2
31,Ali Altınışık,2015-05-18T10:56:12.254000,Wow dance show﻿,0,2
32,omar tellez,2014-12-05T03:58:16.030000,Check out this video on YouTube:﻿,1,2
33,santi1525 deadzone,2015-03-01T01:10:10.980000,los invito a subscribirse a mi canal ﻿,1,2
34,TA Stealth,2015-03-11T01:25:46.234000,"Cool Video LMFAOVEVO! You should check out my shuffling videos on my channel when you get the chance. It&#39;s much appreciated. Cheers! <a rel=""nofollow"" class=""ot-hashtag"" href=""https://plus.google.com/s/%23EveryDayImVaping"">#EveryDayImVaping</a> ;-)﻿",1,2
35,TransFormersAddict11,2015-05-27T10:45:17.666000,I remember back when this was so popular everyone on our school was shuffling it was crazy﻿,0,2
36,Victor Gamer,2015-04-13T02:00:20.152000,View 851.247.920<br /><br /> Best youtube Video<br />If Subscribe to My Channel please!<br />Thank you! &lt;3<br /><br />Melhor Vídeo do youtube<br />Se Inscreva no Meu canal por favor!<br />Obrigado! &lt;3<br /><br />Mejor Video youtube<br />Si suscriba a mi canal por favor!<br />Gracias! &lt;3<br /><br />Meilleur vidéo youtube<br />Si vous abonner à Ma Chaîne se il vous plaît!<br />Merci! &lt;3﻿,1,2
37,Georgina Riba,2015-05-18T14:57:49.390000,"Shuffling all the way with LMFAO! I like this one, wish I could shuffle like these crazy dudes﻿",0,2
38,Lorenzo Raggiante,2015-05-17T17:14:17.168000,Thumbs up if you&#39;re watching in 2015﻿,0,2
39,‫הילה שוהם‬‎,2015-04-17T15:50:59.010000,Check out this playlist on YouTube:י<br /><br /><br /><br />⛺🏤⛺⛺﻿,1,2
40,Brian Brai,2015-05-28T08:58:10.905000,Shuffle﻿,0,2
41,Jenna Metchooyeah,2015-05-26T12:31:06.611000,Check out this video on YouTube:﻿,1,2
42,Pedro Lombillo,2015-03-13T00:27:41.285000,Check out this playlist on YouTube:﻿,1,2
43,Like👑A👑Boss (Chloe that pony lover),2015-05-26T16:56:19.780000,"I fuckin love this song!<br /><br /><br />After, I&#39;m sexy and I know it ﻿",0,2
44,Trong Tan Trung Tran,2015-04-18T14:27:02.046000,Check out this video on YouTube:﻿,1,2
45,Unknown Name (buddhist monkie),2014-09-13T11:35:51.066000,Check out this video on YouTube:<br />Looking for my wood pile...<br />Anyone seen it? Hmm?&#39;<br />How bout some pie now <br />Ladies?&#39;﻿,1,2
46,aXXeHackeR,2014-07-22T11:41:57.927000,watch this with sound off!﻿,0,2
47,Tan Jia Min,2014-11-29T05:53:19.584000,Check out this video on YouTube:..🌈🌈🌈﻿,1,2
48,"TelePricol - FUNNY VIDEOS,ЛУЧШИЕ ПРИКОЛЫ",2015-05-17T14:02:31.882000,SUBSCRIBE TO MY CHANNEL﻿,1,2
49,Kikilaronk “Kiki” Loz,2014-08-31T16:39:30.472000,Subscribe to me if u think &quot;swag&quot; is fucking stupid﻿,1,2
50,Heavyassmetalman,2015-05-19T01:37:24.873000,cool song ever good thing its here﻿,0,2
51,Aquan Hall,2015-05-12T17:25:33.187000,"YouTube collaborator&#39;s anyone? subscribe to me, I&#39;ll subscribe back. I also will start uploading more YouTube videos.  <a rel=""nofollow"" class=""ot-hashtag"" href=""https://plus.google.com/s/%23LMFAO"">#LMFAO</a>﻿",1,2
52,LegacyStarz OS,2014-12-07T06:40:55.233000,Check out this video on YouTube:﻿,1,2
53,Rafael Diaz Jr,2015-01-25T20:56:06.533000,Check out this video on YouTube:﻿,1,2
54,Jd Hurst,2015-05-23T01:50:08.642000,Check out this video on YouTube:﻿,1,2
55,Wayne Jackson,2015-04-15T10:59:35.339000,Check out this video on YouTube:﻿,1,2
56,Josh Snow,2015-04-25T00:37:34.423000,Check out this video on YouTube:﻿,1,2
57,wanderer damion,2015-05-26T08:19:38.276000,not 2 million view anymore :))﻿,0,2
58,Steven Sachel,2015-05-21T01:24:34.058000,never gets old﻿,0,2
59,sahir omran,2015-01-27T09:43:48.741000,Check out this video on YouTube:الإعلانات<br /><br /><br /><br /><br /><br />لل﻿,1,2
60,Adyel Rodriguez,2015-02-10T07:33:49.035000,Check out this playlist on YouTube:﻿,1,2
61,ＯＧＶＡＤＥＲ,2014-09-29T02:54:58.986000,man check out the raps on my channel im better rapper than these nigger fools﻿,1,2
62,James Wolf,2015-01-23T21:44:55.558000,Check out this video on YouTube:﻿,1,2
63,Nossnevs SWEDEN,2014-08-12T15:44:16.615000,"Check out: My Hood Doh, by Flixter Nossnevs﻿",1,2
64,santi1525 deadzone,2015-03-01T01:10:37.298000,subscribe to my chanell﻿,1,2
65,Sandy Torres,2015-01-30T16:48:13.985000,Check out this playlist on YouTube:﻿,1,2
66,Devin Thornton,2014-07-23T08:37:48.377000,i love this song so much!!!!!!!!!!!!!!!!!!!!!!!!!!!!!!!!!!!!!!!!!!!!!!!!!!!!!!!!!!!!!!!!!!!!!!!!!!!!!!﻿,0,2
67,Cora Whatley,2014-12-23T01:50:41.928000,Subscribe I&#39;ll subscribe back﻿,1,2
68,troll face,2015-05-22T16:27:17.041000,i&#39;m watching this on summer 2015﻿,0,2
69,Candyman 1000,2015-03-23T23:38:12.539000,Check out this video on YouTube:﻿,1,2
70,dan19752008,2015-05-17T11:50:46.223000,What&#39;s with the guys jacket? 1 sleeve and a sleeveless arm﻿,0,2
71,‫אסף שמש‬‎,2015-05-27T16:06:08.781000,LMFAO!!!!!!!!﻿,0,2
72,((A.B)),2014-10-04T01:35:02.414000,"LMFAO is CRAZY DOPE!!! CHeck out my music on my channel if you have a minute, it would mean a lot. Much love!!﻿",1,2
73,Smile day,2015-05-20T16:17:41.577000,:)﻿,0,2
74,Mayen Dabuol,2015-05-22T01:59:18.387000,Love this soooooooooooooooooooooooooooooooooooooooooooooooooo much﻿,0,2
75,Carlos Rueda,2015-05-22T15:04:20.310000,I am going to blow my mind﻿,0,2
76,Ashish Sachdeva,2015-05-16T02:11:43.099000,Gooooood﻿,0,2
77,monique graham,2015-01-20T19:21:30.191000,Check out this playlist on YouTube:a﻿,1,2
78,NerdyQueen〈3,2015-04-28T01:07:30.541000,Check out this playlist on YouTube:﻿,1,2
79,t tatsuya,2014-07-23T13:19:09.247000,very good song:)﻿,0,2
80,Ticci TøbyyX3,2015-05-20T10:15:33.415000,I lovee it ♥﻿,0,2
81,johnlord joaquino,2014-10-10T11:31:33.153000,3m subscribers but look at the views its 700 million wtf :P﻿,1,2
82,Heath D,2015-01-11T03:51:21.565000,Check out this video on YouTube:﻿,1,2
83,krayziejcs,2014-10-15T19:57:29.498000,Check out this video on YouTube:jjiwajwkajajqjaubkm﻿,1,2
84,keonte moore,2015-05-27T00:25:35.792000,Party Rock<br />﻿,0,2
85,Klaudija Horan,2015-05-16T18:39:56.140000,"This is so cool,why haven&#39;t I heard this before?﻿",0,2
86,marie smith,2015-05-25T22:01:29.580000,You are the music hero😍😎﻿,0,2
87,pratik patel,2015-05-23T05:28:49.504000,"mindblowing dance.,.,.superbbb song﻿",0,2
88,Henri Kameron,2015-05-27T15:44:45.019000,just :( superr!!!﻿,0,2
89,Charlotte “Cais” Blackstone,2015-05-16T20:54:22.455000,Who df is Lauren Bennett..﻿,0,2
90,Kenster,2015-05-24T11:54:19.170000,Who knows the name of that girl?.. and that one.. and that one...﻿,0,2
91,HAGER KOTRY,2015-04-19T08:21:52.071000,ALL SCHOOL DROP OUTS I KNEW AS FRIENDS BEFORE THEY DECIDED TO DROP SCHOOL THINK THERE IS NO NEED FOR AN ID CARD OR A CERTIFICATION TO PROVE YOU ARE AN EDUCATED CLEAN IN CRIMINAL RECORD TALENTED PERSON TO WORK IN ANY ENTERTAINMENT FIELD WORLDWIDE. THEY THINK THEY COULD BE RICH ENTERTAINERS BY CONSOLIDATING WITH ACTORS / ACTRESSES AS WELL AS SINGERS FOR A SHARE OF PROFIT(S).﻿,1,2
92,조윤기,2015-03-21T18:25:05.665000,like this comment if you&#39;re watching this video when big bang happened<br />i do﻿,1,2
93,JS Scott,2015-03-08T21:22:08.901000,"if watching in 2015 subscribe to <span class=""proflinkWrapper""><span class=""proflinkPrefix"">+</span><a class=""proflink"" href=""https://plus.google.com/104999962146104962510"" oid=""104999962146104962510"">SuperMarioLogan</a></span> ﻿",1,2
94,Courtney Foama,2015-03-20T21:33:44.707000,like this comment if your watching in 2015 or 2016﻿,1,2
95,Jipi Trần,2015-05-26T07:16:51.245000,Good﻿,0,2
96,Salvador Sanchez,2015-05-24T02:28:34.605000,Why sooooo many downs?﻿,0,2
97,Mizz swagger,2015-01-27T01:53:24.950000,🚨🚨🚨🚨🚨🚨🚨🚨🚨🚨🚨🚨🚨🚨🚨🚨<br />NOW THAT I HAVE YOUR ATTENTION!!! 🚨🚨🚨🚨🚨🚨🚨🚨🚨🚨🚨🚨🚨🚨🚨🚨SUBSCRIBE TO MY CHANNEL!!!<br />🚨🚨🚨🚨🚨🚨🚨🚨🚨🚨🚨🚨🚨🚨🚨🚨<br />GRACIAS!💋<br />🚨🚨🚨🚨🚨🚨🚨🚨🚨🚨🚨﻿,1,2
98,Nick Hardison,2015-05-20T21:46:43.674000,this song is fu cking awesom!!!!!!!﻿,0,2
99,Powpie Cheers,2015-05-23T13:58:07.199000,Lets party﻿,0,2
100,Tyler Jackson,2014-12-10T16:28:43.637000,subscribe to my channel yo - DJ Feelz﻿,1,2
101,Niecee Sumling,2015-05-20T07:52:09.296000,More views than nikki minaj Anaconda﻿,0,2
102,tchangkou,2014-12-04T01:31:02.296000,Check out this video on YouTube:﻿,1,2
103,mariosergopao,2014-07-23T10:58:59.825000, are  there  people who like  this shit? hahahahah :P<br />this isn&#39;t even real music.......... it&#39;s computer-based music.....<br />well done music industry.....﻿,0,2
104,ZeroxAbood677,2014-08-07T13:57:40.272000,Nezo and Ed<br />Like&amp;share this page on facebook please ﻿,1,2
105,Cameron Raji,2015-05-18T04:20:48.086000,Good times. ﻿,0,2
106,No Name Ass Fuk,2015-05-26T11:13:20.537000,old and good song﻿,0,2
107,ZRSFirelordGaming,2015-05-16T18:17:34.524000,XD I WAS GOING CRAZY FUCKIN CRAZY WATCHIN THIS BRAH﻿,0,2
108,Serbian Boy,2015-03-11T18:36:40.423000,LIKE AND SUBSCRIBE﻿,1,2
109,Helperitza,2015-02-04T10:23:50.394000,Check out this video on YouTube:﻿,1,2
110,Shaina Rodriguez,2015-05-16T00:20:41.387000,lol so funny love it﻿,0,2
111,Corey Wilson,2015-05-28T21:39:52.376000,"<a href=""http://www.youtube.com/watch?v=KQ6zr6kCPj8&amp;t=2m19s"">2:19</a> best part﻿",0,2
112,Tammy Floyd,2015-04-09T06:07:26.158000,Check out this video on YouTube:﻿,1,2
113,Teo Wei Jun,2015-05-19T02:04:52.377000,Every day I&#39;m Shuffling !﻿,0,2
114,Aaa Bbb,2014-12-21T06:07:48.379000,Check out this video on YouTube:﻿,1,2
115,Mah Productions,2014-07-26T17:07:51.274000,Check the shit out on my channel<br /><br /><br />SUBSCRIBE YOU WILL LIKE IT﻿,1,2
116,Malyka Mason,2014-11-09T13:59:14.102000,Check out this video on YouTube:it is a old track but it still bad﻿,1,2
117,vieshva .d.exodous,2015-05-18T08:38:34.236000,Awesome﻿,0,2
118,SHANE MINECRAFT,2015-05-09T01:25:16.018000,Come subscribe﻿,1,2
119,Xerota,2015-05-16T13:30:23.531000,"Almost 1 billion views, nice.﻿",0,2
120,connie cooper,2015-05-17T21:07:42.387000,wait I SAW A KID NOT KIDDING﻿,0,2
121,Pepe The Meme King,2015-05-19T03:50:16.935000,everyday I&#39;m shufflin﻿,0,2
122,Champagne Pedro,2015-03-21T14:18:39.798000,Check out this playlist on YouTube:<br /><br />﻿,1,2
123,Brian Brai,2015-05-28T08:57:27.399000,Omg﻿,0,2
124,The Relaxation Den,2015-05-17T12:13:49.502000,omg﻿,0,2
125,2010shevy,2014-11-06T01:23:03.262000,Check out this video on YouTube:﻿,1,2
126,Priscilla Sipinga,2015-01-19T05:53:12.118000,Check out this playlist on YouTube:hbbhhhgh﻿,1,2
127,Daniel Cruz,2015-05-20T04:15:49.589000,Who else saw jesses dancing sorry if I spelled it wrong  peace✌﻿,0,2
128,Pepe The Meme King,2015-05-19T03:49:29.427000,everyday I&#39;m shufflin﻿,0,2
129,craftygirl20141,2014-11-10T19:46:03.336000,hi everyone this is cool check out sexy and i know it﻿,1,2
130,Marie Joof,2015-01-13T17:35:36.999000,Check out this video on YouTube:hjalp﻿,1,2
131,‫ארז אריה‬‎,2015-05-15T19:46:53.719000,good party﻿,0,2
132,uncleltr,2015-05-20T01:50:18.209000,I miss this song. 😢﻿,0,2
133,ROBLOX Gaming,2015-05-16T01:54:31.334000,:3﻿,0,2
134,JuanjoOMG,2015-05-18T13:48:51.649000,my favorite song﻿,0,2
135,Marcus Wilkes,2015-03-05T10:52:51.062000,Check out this playlist on YouTube:﻿,1,2
136,chicharito fan,2015-05-17T19:35:44.075000,I could finally do the spongebob but I started yesterday XD﻿,0,2
137,zonZi,2015-05-09T13:09:17.453000,Who&#39;s watching in 2015 Subscribe for me !﻿,1,2
138,Liam Mcewan,2015-05-16T00:46:38.313000,shuffle!!!!!!!!!!!!!!!!!!!!!!!!!!!!!!!!!!!!!!!!!!!!!!!!!!!!!!!!!!!!!!!!!!!!!!!!!!!!!!!!!!!!!!!!!!!!!!!!!!!!!!!!!!!!!!!!!!!!!!!!!!!!!!!!!!!!!!!!!!!!!!!!!!!!!!!!!!!!!!!!!!!!!!!!!!!!!!!!!!!!!!!!!!!!!!!﻿,0,2
139,Kiarna Burke,2015-04-11T08:36:04.370000,Check out this video on YouTube:﻿,1,2
140,July Baby,2015-04-28T10:24:07.401000,Check out this video on YouTube:﻿,1,2
141,Eli Zabeth,2015-05-17T01:14:28.368000,In my head this is like 2 years ago.. Time FLIES﻿,0,2
142,Boa Hancock Amelia Caria,2015-05-26T20:03:08.241000,Party rock! XD﻿,0,2
143,Bradley beswick,2015-05-14T13:12:39.729000,share your thoughts﻿,1,2
144,Nina Mackie,2015-05-17T09:07:30.578000,Take a look at this video on YouTub<br />You﻿,1,2
145,Alex Martin,2015-05-28T00:37:36.183000,I miss when people dressed like this.﻿,0,2
146,Paul Crowder,2015-05-27T00:33:53.183000,"This Will Always Be My Favorite Song<br />But My Favorite Part Is <a href=""http://www.youtube.com/watch?v=KQ6zr6kCPj8&amp;t=3m40s"">3:40</a>-<a href=""http://www.youtube.com/watch?v=KQ6zr6kCPj8&amp;t=4m11s"">4:11</a> In The Video ﻿",0,2
147,Fire Ghost73,2015-05-19T22:01:54.036000,cooooooooooooolllllllllll﻿,0,2
148,Wayne Jackson,2015-04-15T11:00:09.313000,Check out this video on YouTube:﻿,1,2
149,Matias Álvarez calderon,2015-05-16T19:10:09.761000,awesome﻿,0,2
150,Олег Хижняк,2015-03-03T20:32:54.736000,subscribe﻿,1,2
151,Sadie Pratt,2015-04-19T20:48:32.564000,Check out this video on YouTube:fb i﻿,1,2
152,xXxPWND 420xXx,2014-07-21T11:05:51.945000,HOW MANY THUMBS UP FOR LOUIS SAVING THE DAY!?!?﻿,1,2
153,ampai gmuer,2015-01-27T13:23:56.061000,Check out this playlist on YouTube:👿👳👳👳👳👳﻿,1,2
154,Tuấn Anh Nguyễn Tiến,2015-05-22T12:31:53.438000,1000000000 views.﻿,0,2
155,Kiarna Burke,2015-04-11T08:36:04.034000,Check out this video on YouTube:﻿,1,2
156,Ognjen Videos,2015-04-08T21:11:31.085000,Please subscribe to my channel!Thanks!﻿,1,2
157,xiaoying chen,2014-10-02T15:00:43.724000,Check out this video on YouTube:﻿,1,2
158,Gonzalo Ferrare,2015-05-27T16:50:10.276000,this is increidebl﻿,0,2
159,Paul Crowder,2015-05-27T00:34:43.591000,JUST DANCE 3 😂😂😂﻿,0,2
160,Eliana Guzman,2015-05-24T15:47:50.071000,Wow I love it ﻿,0,2
161,Guren - MKII,2014-10-01T19:53:07.387000,everyday i&#39;m subscribe﻿,1,2
162,Wendy Artiles,2015-04-16T00:20:37.792000,Check out this video on YouTube:﻿,1,2
163,Monica Parker,2015-04-14T01:39:41.391000,Check out this video on YouTube:﻿,1,2
164,ViralVinesHD,2014-08-18T00:25:09.584000,"Like this comment, guys i just started up a new channel if i can get 200 subscribers by tonight ill do a $20 paypal giveaway like this comment so your friends can see it or others and they can also be entered GO !!!﻿",1,2
165,Chibi Chan,2015-05-25T03:11:56.180000,i want to be that robot guy...﻿,0,2
166,Tiona Mayo,2015-05-23T04:03:15.720000,Anyone else think this video theme is a bit of an insult to 28 days later? ﻿,0,2
167,GORHD/TV Studio,2014-11-25T16:15:50.566000,subscribers please`﻿,1,2
168,fulvio colace,2014-07-22T16:54:45.949000,OOOOO SHUFFLLLLLLLLLLLLLLLLLLLLLLINNNNN﻿,0,2
169,lol Ippocastano,2015-05-26T20:35:37.090000,"Party rock anthem is love,party rock anthem is life﻿",0,2
170,Marshmallow Kingdom,2015-05-20T12:39:21.201000,SERIOUSLY HOW DID THEY COME UP WITH THAT BEAT IT IS INSANELY GOOD HOLY FUCK﻿,0,2
171,Georges EIrani,2015-05-24T23:52:38.563000,Dance :)﻿,0,2
172,hassan laidli,2015-05-26T09:23:16.049000,cool﻿,0,2
173,Lukas Ogonowski,2015-05-27T14:01:10.337000,2015!! LLIKEE!!﻿,0,2
174,Julien Paradise,2015-05-17T16:18:24.098000,"LMFAO - Party Rock Anthem ft. Lauren Bennett, GoonRock.﻿",0,2
175,Aye Thiri Paing,2015-03-01T05:13:01.606000,Check out this video on YouTube:﻿,1,2
176,orcou,2014-12-20T05:03:42.146000,Check out this video on YouTube:﻿,1,2
177,Renee Colley,2015-05-04T07:22:53.416000,Check out this video on YouTube:﻿,1,2
178,George Smith,2015-02-05T01:47:19.970000,Please become my first subscriber.  Thank you.﻿,1,2
179,Fred Courroie,2015-05-18T02:58:22.855000,Laughing My Fucking Ass Off!!!﻿,0,2
180,adish Newar,2015-05-17T08:21:37.091000,i like this steps...﻿,0,2
181,joann belin,2015-05-23T16:13:56.684000,give it a like﻿,1,2
182,On the Positive,2015-01-01T21:16:37.765000,Dear friends please subscribe to my channel I will be very glad to see You virucide ;-)﻿,1,2
183,Rajnoor Bawa,2014-10-07T17:48:27.641000,Check out this video on YouTube:﻿,1,2
184,Bob Orton,2014-07-22T00:26:50.820000,love this song﻿,0,2
185,Sean B,2014-11-10T07:35:42.081000,"Check out our app to solve all your party/drunk problems! <br /><a href=""https://play.google.com/store/apps/details?id=vn.ibit.AppLocker&amp;hl=en"">https://play.google.com/store/apps/details?id=vn.ibit.AppLocker&amp;hl=en</a>﻿",1,2
186,Malvin Baez,2015-05-03T01:39:03.193000,PLEASE DON&#39;T LIKE THIS COMMENT IF YOU ARE WATCHING IN 2015!!!!!!!!!!!﻿,1,2
187,Naga Berapi,2014-07-22T19:53:51.238000,The best song ever!﻿,0,2
188,Robotic Band,2014-07-22T12:52:36.698000,The best Song i saw ❤️❤️❤️❤️❤️❤️❤️❤️😍😍😍😍😍😍😍😘😘😘😘😘😘😘😘﻿,0,2
189,PATRICK_TW,2015-05-28T16:28:26.818000,Party rock﻿,0,2
190,Juan Martinez,2014-07-22T13:22:54.111000,I learned the shuffle because of them﻿,0,2
191,Dávvvid ツ,2014-08-31T12:06:37.835000,Tuto to subscribe to my channel because you should sign up for 17 l please thank you I&#39;d do anything for you to sign up a lot of good video I usually do!﻿,1,2
192,Dávid Baranovič,2014-07-23T11:57:11.271000,every bady yust have a good time﻿,0,2
193,Callum Hudson,2015-05-17T12:44:46.679000,Best for partying ﻿,0,2
194,emrah England,2015-05-19T22:10:02.515000,Take a look at this video on YouTube:﻿,1,2
195,kimberly dezan,2014-07-22T18:38:37.217000,Love your song makes me happy﻿,0,2
196,EraserMan2,2015-05-19T00:46:08.243000,why does the world not shuffle???﻿,0,2
197,Baptiste Blomme,2015-05-24T11:35:58.714000,Why did they stop their career in music? This music rocks !﻿,0,2
198,Aryan Khemka,2015-05-21T05:31:14.644000,Why do I feel like as if Gangnam style copied their song from this?!﻿,0,2
199,CHINMAY JANGID,2015-05-18T14:50:38.070000,5th most viewed video.. i guess﻿,0,2
200,GrayGRW,2015-03-11T05:26:51.968000,Like this comment if you are watching on a phone﻿,1,2
201,Sid,2015-02-21T06:19:03.549000,"At 500 subscribers i&#39;m sky diving help me reach my goal &lt;3<br />Trust me, i&#39;m a doctor.  :)﻿",1,2
202,‫مريم الهندي‬‎,2015-01-10T22:00:55.762000,Check out this video on YouTube:﻿,1,2
203,Waleed Khan,2015-05-22T13:54:59.712000,This is my favorite song ever love this Party Rock It Everybody!!!!﻿,0,2
204,janet rangel,2015-05-25T18:11:22.048000,Love this song makes me wanna dance! ﻿,0,2
205,Carol Galvan,2015-05-22T01:37:18.791000,I love this song so much﻿,0,2
206,Marshmallow Kingdom,2015-05-20T12:40:57.549000,THUMBS UP FOR ROBO GUY BABY﻿,0,2
207,Franklin Music,2015-05-24T02:53:52.667000,Very Nice !﻿,0,2
208,ItsJoey Dash,2014-07-22T10:04:00.700000,EVERYONE PLEASE SUBSCRIBE TO MY CHANNEL OR CAN YOU ALL JUST GO LOOK AT MY VIDEOS ﻿,1,2
209,Villads Hallundbæk,2015-03-14T16:16:22.607000,like this comment please﻿,1,2
210,Gulam Maulana,2015-05-26T15:46:26.833000,still.. this reminds me of 1 years back when i was do shuffle everyday﻿,0,2
211,Blaze Rod,2015-05-17T23:01:41.901000,"when i see this back in 2015 i ask myself how people got to like this song. seems like Gangnam style copied this style though, might just be me but yea﻿",0,2
212,JuniorVlogz,2015-03-03T21:02:26.389000,Like this comment if you still jam out to this song after 4 years ﻿,1,2
213,irving echeverria,2015-05-23T16:16:34.285000,LIKKEE﻿,0,2
214,Darleen Tran,2015-01-01T04:41:31.104000,Check out this video on YouTube:﻿,1,2
215,Jephone Cañas,2015-03-01T11:29:19.167000,this video has 800+m views<br />and the channel got 3m subscribers﻿,1,2
216,Henry Cousins,2014-07-27T18:24:57.907000,"hi guys please check out my vids , i will promos to subscribe to you to﻿",1,2
217,bebishyne alicdan,2014-10-04T13:16:55.971000,Check out this video on YouTube:﻿,1,2
218,Pj Jessie,2015-03-22T01:04:09.486000,Omg can this be the first video on YouTube to hit 1 billion views like this comment of you agree.﻿,1,2
219,Ruben Aviles,2015-01-22T02:08:41.056000,Check out this video on YouTube:﻿,1,2
220,Donna Loyd,2015-05-17T19:58:38.281000,Party rock due and duel﻿,0,2
221,jenrry garcia,2015-05-04T17:13:41.103000,Check out this video on YouTube:﻿,1,2
222,Almohtarif Info | المحترف انفو‎,2015-05-13T17:15:41.261000,subscribe me plzzzzzzz plzzzzzzzzzzzzzzzzzzzzzzzzzzzzzzz﻿,1,2
223,Chihiro Cross,2015-05-17T19:55:19.876000,fucking love it omg :v﻿,0,2
224,Salty Croc,2014-07-22T04:20:37.489000,Like this comment for no reason﻿,1,2
225,Vitaly Denisovs,2015-02-15T21:19:55.060000,"Need money ? check my channel and subscribe,soon will post how to get it )﻿",1,2
226,Alex DeFeo,2015-05-28T04:15:22.615000,This song is just really fun ﻿,0,2
227,Shanu Dias,2014-12-22T11:51:16.881000,Check out this playlist on YouTube:﻿,1,2
228,   Berty  Winata,2015-05-21T11:41:30.117000,"I like so much this music,  good ﻿",0,2
229,All Or Nothing AMV,2014-09-16T11:02:58.430000,Subscribe﻿,1,2
230,Kingphillip9,2015-03-20T22:24:23.394000,░░░░░░░/\░░░░░▄▐<br />░░░░░░/     \░░░▄██▄<br />░░░░░/  (o)   \░░░░░▀█▄<br />░░░░/             \░░░░░░▀█▄<br />░░░/__   \   ░▄▄▄▄▄▀▀<br />░░░░▄▄▄██▀▀▀▀<br />░░░█▀▄▄▄█░▀▀       YOU HAVE BEEN SPOOKED BY THE SPOOKINATI<br />░░░▌░▄▄▄▐▌▀▀▀<br />▄░▐░░░▄▄░█░▀▀    SHARE THIS TO 666 PEOPLE TO BE UNSPOOKED <br />▀█▌░░░▄░▀█▀░▀ <br />░░░░░░░▄▄▐▌▄▄<br />░░░░░░░▀███▀█░▄<br />░░░░░░▐▌▀▄▀▄▀▐▄<br />░░░░░░▐▀░░░░░░▐▌<br />░░░░░░█░░░░░░░░█<br />░░░░░▐▌░░░░░░░░░█<br />░░░░░█░░░░░░░░░░▐▌﻿,1,2
231,Jesse Basurto,2014-12-12T08:50:18.674000,Check out this video on YouTube: I ﻿,1,2
232,ItstheSauce92,2014-07-23T05:22:52.881000,No one makes me wanna party like LMFAO does... I just wanna rage every time one of these songs comes on. The only other band that does that is &quot;On the Rocks Inc.&quot; those kids know how to party﻿,0,2
233,Blaze Blaziken,2015-05-20T03:50:29.098000,you cant stop the shuffle﻿,0,2
234,Reynad Gamer,2015-04-04T06:11:32.255000,Subscribe My Channel﻿,1,2
235,Ragnarok,2014-08-19T19:53:09.770000,Abomination! Subscribe if you agree :| party here in my channel. cool lights.﻿,1,2
236,CHM Guitar™,2015-03-22T15:10:43.815000,Like this comment for no reason﻿,1,2
237,Edgar's Finest,2014-12-09T05:35:45.812000,Hey guys subscribe to my chanel and i will subscribe back and like all your vids :)<br /><br />﻿,1,2
238,Khadra Abdirahman,2015-05-19T17:13:17.961000,Wow;)﻿,0,2
239,alanluna3,2015-02-18T17:45:43.182000,Check out this video on YouTube:﻿,1,2
240,Yuliana Andrea  Caucali Acosta,2015-05-23T18:59:07.686000,2015<br />I like video﻿,0,2
241,Sophie Flores,2015-01-10T18:17:21.145000,Check out this video on YouTube:﻿,1,2
242,Tominke Urbančok,2015-05-26T12:29:11.663000,Very Nice !!!<br />Yeah Fucking.﻿,0,2
243,goofygroova16,2015-05-26T20:03:52.314000,Ahhh back when my life didn&#39;t suck...﻿,0,2
244,breathinsoul,2015-05-26T22:21:28.011000,"Its funny that Mahogany is there lmao, I actually didn&#39;t know that her brother and uncle are part of LMFAO﻿",0,2
245,lil jay,2014-09-10T03:52:22.309000,Check out my music niggas﻿,1,2
246,Patrik Gybka,2015-05-05T09:32:04.687000,SUBSCRIBE MY CHANNEL PLEASE LOL PRO PLAYS)﻿,1,2
247,LoL Games,2015-05-27T13:37:19.404000,Yeah! Let&#39;s start the party!﻿,0,2
248,Filthy BarDown,2015-02-04T11:47:27.653000,Can i get views and subscribers for no reason? 😅﻿,1,2
249,budhanmike,2014-09-01T03:32:14.127000,Check out this funny video &quot;Cereal Box Knocks out Baby&quot; on my channel.﻿,1,2
250,Johanna Sarmiento,2015-02-28T22:00:56.179000,Check out this video on YouTube:﻿,1,2
251,Nana Diaz,2015-04-26T20:44:52.830000,Check out this video on YouTube:﻿,1,2
252,Michael Whiteside,2015-05-28T03:08:19.077000,I love this song so much﻿,0,2
253,Martin Dushkov,2015-05-25T12:24:17.075000,Best Music Ever!!!﻿,0,2
254,Jared Acevedo,2015-05-27T03:47:34.735000,Super awesome video<br />﻿,0,2
255,Pablo Cantellano,2015-02-20T16:23:25.378000,Check out this video on YouTube:﻿,1,2
256,16ladydanger,2015-05-14T17:59:04.547000,Check out this playlist on YouTube:﻿,1,2
257,shreyes taral,2015-05-20T16:57:09.940000,"This song is just insane.<br />Do you dance listening to this song?( i do, lol)﻿",0,2
258,D Maw,2015-05-25T05:43:54.048000,Remeber when this song was good﻿,0,2
259,Mason Pearce,2015-05-18T07:12:10.556000,like if ur watchin in 90000000000000000000000000000000000000000000000000000000000000000000000000000000000000000000000000000000000000000000000000000000000000000000000000000000000000000000000000000000000000000000000000000000000000000000000000000000000000000000000000000000000000000000000000000000000000000000000000000000000000000000000000000000000000000000000000000000000000000                                                                                              1﻿,1,2
260,Alex Ramsey,2015-05-16T17:29:57.194000,Way was their a guy warring a robot head.﻿,0,2
261,Maria Lopez,2015-05-20T02:07:55.736000,Dang Dat little kid gat moves﻿,0,2
262,ann anne,2015-01-28T16:29:16.993000,Check out this video on YouTube:﻿,1,2
263,Nancy “Aya” Lo,2015-05-21T19:16:44.104000,I came here because of Vanoss.﻿,0,2
264,sok piseth,2015-05-22T17:51:58.941000,I know it old song but (like) if you watching in 2015﻿,0,2
265,Kawiana Lewis,2015-02-27T02:20:40.987000,Check out this video on YouTube:opponents mm <br /><br /><br /><br />--•[••••=====++¥¥£££<br />﻿,1,2
266,chuvi cc1800,2015-01-15T23:43:37.589000,Check out this video on YouTube:﻿,1,2
267,stupittmoran,2015-01-04T15:42:24.811000,Check out this video on YouTube:﻿,1,2
268,Connor Mire,2015-05-21T20:46:54.704000,This Song is AWESOME!!!!﻿,0,2
269,vinh nguyen,2015-05-16T23:25:15.189000,Check out this video on YouTube:﻿,1,2
270,Angela Alor,2015-05-20T19:53:57.924000,HOW DO YOU PUT A PICTURE FOR YOUR IMAGE THINGIE?!?!﻿,1,2
271,JS Scott,2015-03-08T21:27:05.377000,"subscribe to <span class=""proflinkWrapper""><span class=""proflinkPrefix"">+</span><a class=""proflink"" href=""https://plus.google.com/104999962146104962510"" oid=""104999962146104962510"">SuperMarioLogan</a></span>  if you thot the robot dudes r epic and awsome﻿",1,2
272,Terry Short,2015-05-23T11:46:55.624000,"Support the fight for your 4th amendment right to privacy in your home and business. Stop the NSA spying on Americans with the un Patriot Act Renewal. Rand Paul has spent 10.5 hours on the Senate floor in a Protest and Filibuster fighting for our  Constitution that this Nation is founded on. Join the fight at Rand Paul dot com. Spread The Word. We Have Someone That Cares About Our Nation.  Email your Senators, Congress men and women, tell them to support Rand. Tell the news to support Rand too. Senator Rand Paul was up until <a href=""http://www.youtube.com/watch?v=KQ6zr6kCPj8&amp;t=1m00s"">1:00</a> am this morning fighting for our Constitution.﻿",1,2
273,Anna Louise Puzon,2014-12-26T12:21:05.108000,Check out this video on YouTube:﻿,1,2
274,Elidet Rivera,2015-05-16T17:08:18.605000,like the songs﻿,0,2
275,janet rangel,2015-05-25T18:03:46.138000,Love this song makes me wanna dance! ﻿,0,2
276,Naga Berapi,2014-07-22T19:53:49.636000,The best song ever!﻿,0,2
277,Emiliano Maldonado,2015-05-17T15:38:50.015000,I hate it when Laura Bennett comes in﻿,0,2
278,Ari Kip,2014-12-19T17:00:34.759000,Check out this video on YouTube:﻿,1,2
279,Tyrone Wilson,2015-05-26T14:41:43.931000,Love this song makes me wanna dance! ﻿,0,2
280,Toan732,2014-10-31T02:49:34.017000,Ummm... I just hit 1k subscribers. I make Minecraft videos. Help me out by checking me out?﻿,1,2
281,Mary McCoy,2015-05-20T12:10:42.138000,Memories﻿,0,2
282,thebayareapimp,2015-05-26T12:04:50.454000,WELL THIS DUDES FADED THE FUCK OUT!﻿,0,2
283,Châu Nguyễn (Michelle),2015-05-23T00:00:28.937000,I remember when this used to be so popular all around at the time.<br />I still love it.﻿,0,2
284,brick paterson,2015-05-16T13:24:12.909000,sorry to all my haters<br /><br /><br /><br /><br /><br /><br /><br /><br /><br /><br /><br /><br />for party rock en﻿,0,2
285,Christy Bautista,2015-05-09T22:59:57.737000,Check out this video on YouTube:<br /><br /><br /><br />﻿,1,2
286,Claudia Guerra,2015-04-15T15:37:01.799000,Check out this playlist on YouTube:<br /><br />﻿,1,2
287,DERRICK HANFORD,2014-12-05T22:52:29.316000,White people are going extinct for more information subscribe to my channel or search for videos on &quot;white genocide&quot;  thank you﻿,1,2
288,ItsJoey Dash,2014-07-22T10:02:25.925000,EVERYONE PLEASE GO SUBSCRIBE TO MY CHANNEL OR JUST LOON AT MY VIDEOS﻿,1,2
289,Gu Sw,2015-01-03T19:28:51.794000,Check out this video on YouTube:﻿,1,2
290,Роза Герман,2015-05-25T17:09:31.831000,Very good! Like! :D﻿,0,2
291,ZeDesXiA AIliVe,2014-09-19T17:47:37.826000,😼👍😏 Like This Comment 😏👍😼﻿,1,2
292,Vathanarajah Kunarajah,2015-05-17T19:36:36.955000,Check out this video on YouTube:﻿,1,2
293,AryaDewa Gaming,2015-04-10T17:33:31.099000,SUBSCRIBE me. if you do that leave your name so i can subs back ﻿,1,2
294,Maria Maldonado,2015-03-26T19:09:38.242000,Check out this playlist on YouTube:a﻿,1,2
295,Metroshuffle,2015-04-06T10:15:16.804000,"Check out Melbourne shuffle, everybody!﻿",1,2
296,Dylan McGuire,2015-03-19T00:45:07.797000,Check out this video on YouTube:﻿,1,2
297,KingLoTheDancer,2015-02-01T05:48:32.623000,"Check out my dance videos!! You won&#39;t be disappointed!! <a rel=""nofollow"" class=""ot-hashtag"" href=""https://plus.google.com/s/%23KingLoTheDancer"">#KingLoTheDancer</a>﻿",1,2
298,Ksenia Vladimirova,2014-07-22T11:06:07.798000,Looooooooove this song!!!!!!!!!:))))))﻿,0,2
299,jen ven,2015-05-18T18:14:56.234000,"Love these guys, love the song!﻿",0,2
300,Brittany Tennyson,2014-10-04T04:31:08.642000,Check out this video on YouTu﻿,1,2
301,Ciasteczko ;*,2015-05-26T17:56:36.413000,LMFAO best songs ever!﻿,0,2
302,‫مريم الهندي‬‎,2015-01-10T22:00:57.333000,Check out this video on YouTube:﻿,1,2
303,Anne Marie Chavez,2015-01-06T05:53:18.140000,Check out this video on YouTube:﻿,1,2
304,Gaven Purdin,2015-05-25T16:30:30.753000,love lmfao party rockin keep it going﻿,0,2
305,Nguyen Thanh Son,2015-05-15T12:57:45.957000,Check out this video on YouTube:﻿,1,2
306,Giovanni Jimenez,2015-05-28T03:52:56.877000,Awsome<br />﻿,0,2
307,Amanda Ludwick,2015-05-24T15:54:08.016000,cool cool cool cool cool cool cool﻿,0,2
308,ShockMinerX,2015-05-26T02:03:46.816000,Remeber the good ol&#39; days when songs weren&#39;t about butts.  ﻿,0,2
309,Hazetrix (EHazardStudio),2015-04-08T00:09:33.033000,hey guys im 17 years old remixer and producer and i want you guys to help me checking my videos i am sure you will love those music if you love them then subscribe so you will know more about me:)﻿,1,2
310,Ice cream hero For AWSOMENESS!,2015-05-21T01:28:02.562000,Party time!﻿,0,2
311,Insomniac,2015-05-19T23:17:19.120000,Man this song really does get in your bones - one minute I&#39;m nearly dosing off to sleep - the next I&#39;m shuffling like crazy with hot feet XD﻿,0,2
312,Lizz Seamore,2015-05-23T16:34:57.143000,This was such an epic track. And the video is awesome!﻿,0,2
313,mihir Sanjay,2014-09-04T15:24:31.780000,Check out this video on YouTube:﻿,1,2
314,Victoria Morales,2015-02-08T05:34:28.216000,Check out this video on YouTube:﻿,1,2
315,‫جوجو جوجو‬‎,2015-02-17T04:25:01.940000,"<a href=""https://m.freemyapps.com/share/url/505b0232"">https://m.freemyapps.com/share/url/505b0232</a>﻿",1,2
316,Dloga2,2015-03-31T03:01:14.438000,Subscribe if you are watching in 2015﻿,1,2
317,Mattkrewe,2015-05-25T20:36:42.681000,i was born in the wrong generation﻿,0,2
318,VidéoRiveaux,2015-03-28T14:03:55.093000,Hey ! Subscribe  to me for the peace in the world ! ♥﻿,1,2
319,michael orton,2015-02-16T16:21:37.901000,Check out this video on YouTube:﻿,1,2
320,Lotoya Bolan,2015-02-20T01:54:39.930000,Check out this video on YouTube:﻿,1,2
321,XxNorwegianELITEGaming xX,2015-01-31T20:56:05.396000,pleas subscribe on me for ps4 games video <br /><i>______________________________</i><br />if you have som tips so contact me on kik or skype<br /><i>______________________________</i><br />Kik: pander26<br />Skype: sander.nicolaysen2<br /><i>______________________</i><br />pleas subscribe on me and Kashoo Gaming﻿,1,2
322,Hunter Scott,2014-11-01T04:23:42.175000,SUBSCRIBE!!!!!!!!!!!!!!!!!!!!!!!!!!!!!!!!!!!!!!!!!!!!!!!!!!!!!!!!!!!!!!!!!!!!!!!!!!!!!!!!!!!!!!!!!!!!!!!!!!!!!!!!!!!!!!!!!!!!!!!!!!!!!!!!!!!!!!!!!!!!!!!!!!!!!!!!!!!!!!!!!!!!!!!!!!!!!!!!!!!!!!!!!!!!!!!!!!!!!!!!!!!!!!!!!!!!!!!!!!!!!!!!!!!!!!!!!!!!!!!!!!!!!!!!!!!!!!!!!!!!!!!!!!!!!!!!!!!!!!!!!!!!!!!!!!!!!!!!!!!!!!!!!!!!!!!!!!!!!!!!!!!!!!!!!!!!!!!!!!!!!!!!!!!!!!!!!!!!!!!!!!!!!!!!!!!!!!!!!!!!!!!!!!!!!!!!!!!!!!!!!!!!!!!!!!!!!!!!!!!!!!!!!!!!!!!!!!!!!!!!!!!!!!!!!!!!!!!!!!!!!!!!!!!!!!!!!!!!!!!!!!!!!!!!!!!!!!!!!!!!!!!!!!!!!!!!!!!!!!!!!!!!!!!!!!!!!!!!!!!!!!!!!!!!!!!!!!!!!!!!!!!!!!!!!!!!!!!!!!!!!!!!!!!!!!!!!!!!!!!!!!!!!!!!!!!!!!!!!!!!!!!!!!!!!!!!!!!!!!!!!!!!!!!!!!!!!!!!!!!!!!!!!!!!!!!!!!!!!!!!!!!!!!!!!!!!!!!﻿,1,2
323,Ahmed al rawahi,2015-05-26T13:14:11.830000,that time in 2011 where this shirt was cool﻿,0,2
324,luisel Tutoriales Gameplays (luisel Tutoriales),2015-05-23T18:56:07.484000,music yeah﻿,0,2
325,Connor Mire,2015-05-21T20:47:08.673000,I&#39;m A SUBSCRIBER﻿,1,2
326,Dicky Tricahyadi,2015-05-20T05:49:45.161000,LMFAO IS THE BEST﻿,0,2
327,bilal kenno,2015-05-27T20:47:16.351000,wowwwwwwwwwwwwwwwwwwwwwwwwwwwwww﻿,0,2
328,PatrickMcCrowell,2015-02-12T02:30:08.801000,Check out this playlist on YouTube:﻿,1,2
329,Daisy Nieto,2015-05-16T18:16:00.954000,I shuffled while listening to this song. THE ILLNESS IS SPREADING!!﻿,0,2
330,Hoye Boyz,2014-09-13T09:07:27.253000,"HAHAA THIS DANCE IS TIGHTTTT<br /><br />I know y&#39;all &quot;…ain&#39;t got time for MY demo man&quot;  but check out some of my stuff<br /><br />Slappers on slappers on bangers! Click that link below to peep game! ENJOY. <br /><br /><a href=""https://soundcloud.com/rocc-steady/wave-emoji-prod-by-nippylongbottom-cyber-punk"">https://soundcloud.com/rocc-steady/wave-emoji-prod-by-nippylongbottom-cyber-punk</a>﻿",1,2
331,Shirley Donoso,2015-05-21T11:34:17.696000,Beautiful song﻿,0,2
332,Lindsay Reynolds,2015-01-19T00:40:40.097000,Check out this playlist on YouTube:﻿,1,2
333,Hamad Alhashash,2015-02-21T06:12:04.347000,Check out this video on YouTube:﻿,1,2
334,Brandon Richards,2015-05-27T10:35:17.730000,LMFAO!﻿,0,2
335,Bella Cullen,2015-05-19T23:21:48.011000,Check out this video on YouTube:<br />Gotta dance and just have a blast every time I hear this song !!!! Just ❥love❥ it!<br />﻿,1,2
336,Pamela  Foster ,2015-05-16T11:42:37.704000,I like it<br />﻿,0,2
337,Aiden Hill,2015-05-27T23:10:57.437000,Best song ever!!!!﻿,0,2
338,_ OMGiTzLeo _,2015-05-23T18:15:32.442000,Like this in 2015! :D﻿,0,2
339,Carren Mangali,2015-03-21T07:01:04.171000,Check out this playlist on YouTube:🍴🍴🏄🏄🏄🍴🏄🏄🏄🏄🏊🏊🏊🏊🍴🍴🍴🍴🍴🏂🏂🏂🏂🏂🏆🍸🍸🍸🍸🏆🍻🍗🍵🍟🍟🍟🍟🍴🍕🍕🍕🍕🍕🍕🍕🍕🍕🍕🍕🍕☕️🎣🎣☕️🍕🍕🎣🎣🎣🎣🎣🎣🎣🎣🎣🎣☕️🎣🍕🍔🍔🎣🎣☕️🎣🍹🍹🏂🏂🍹🎿🏆﻿,1,2
340,Maximus Decimus Meridius,2015-03-21T19:57:26.765000, <br />Please help me get 100 subscribers by the end of the night. Thx﻿,1,2
341,Ori Yonay (EatDaPoison),2015-05-04T02:32:37.593000,I just wanna see how many people like this comment. I&#39;ll give it a month or so :)﻿,1,2
342,Jahmir Roberts,2015-04-12T17:00:09.472000,We can have a party next share﻿,1,2
343,lacy mclean,2015-03-23T01:01:36.343000,Check out this playlist on YouTube:﻿,1,2
344,Desert Loner,2014-12-25T19:52:25.333000,want a sub? tell me about your channel and i will subscribe (with a couple exceptions)﻿,1,2
345,FunCircUS,2015-05-22T14:43:16.180000,And i´m Shufflin still today :D﻿,0,2
346,Damn Son,2015-05-19T03:49:19.732000,Thumbs up if FE-FE-FE-FE-FEGELEIN brought u here﻿,1,2
347,creeperx 945,2015-05-20T00:31:13.204000,Loves it﻿,0,2
348,Ernad Smailovic,2015-05-25T07:44:47.054000,Likeeee﻿,0,2
349,Cheryl Fox,2015-05-28T17:49:35.294000,Party Rock....lol...who wants to shuffle!!!﻿,0,2
350,BMB Beats,2015-01-05T21:33:38.426000,"<a href=""http://www.gofundme.com/Helpmypitbull"">http://www.gofundme.com/Helpmypitbull</a> Can you please donate to help my pitbull PLEASE!!! I just need 50 dollars to take it to the vet!!!﻿",1,2
351,Xan Harmer,2015-05-26T06:19:34.669000,Check out this video on YouTube:﻿,1,2
352,Happy Panda,2015-02-12T01:14:44.306000,Like this comment for no reason.﻿,1,2
353,jefflynnejp,2015-04-18T22:02:00.446000,Check out this video on YouTube: ﻿,1,2
354,Meneer Mandje,2015-05-26T11:51:10.891000,Ah. Good old times (:﻿,0,2
355,Epic Gaming,2015-05-28T20:07:20.610000,wierd but funny﻿,0,2
356,Phương Linh Nguyễn Ngọc,2015-05-27T17:28:08.014000,Thumbs up if you watched it in 2011﻿,0,2
357,Emily Horposniac,2015-03-19T10:33:00.987000,Help me get 10000000 subscribers by tomorrow!<br /><br /><br /><br /><br /><br /><br /><br /><br /><br /><br />(Joking don&#39;t get butt hurt)  ﻿,1,2
358,footboxG,2014-08-03T22:28:17.610000,Subscribe to my channel !﻿,1,2
359,алексей алгаев,2015-02-01T15:51:59.518000,Hello from Russia comes to the channel subscribe﻿,1,2
360,ulvi ualiyev,2015-05-27T10:49:29.568000,NICE GIRL :D﻿,0,2
361,Lxflys yolo,2015-05-17T03:57:28.997000,Let get this video to one billion views﻿,0,2
362,Kassidy Norris,2014-12-18T22:33:26.485000,Check out this video on YouTube:lo﻿,1,2
363,ʄɛɛŋıɛ ცɛɛŋıɛ,2015-05-17T00:45:35.581000,Its 2015 and still shuffling to this song🎶🎵🎧﻿,0,2
364,Madagascar Tropic Voyage,2015-05-26T16:02:07.100000,Nice﻿,0,2
365,Marshmallow Kingdom,2015-05-20T12:38:04.230000,BEST PARTY SONG LITERALLY PARTY ROCK IS IN THE HOUSEE TONIGHT!!!!﻿,0,2
366,AUSENCIO garrido,2014-12-17T02:33:31.397000,Check out this video on YouTube:﻿,1,2
367,THE AMAZING MOVIE MAKING NAD GAMING TOM BURKE,2015-04-11T20:32:48.515000,Lol check out my chanell and subscribe please i want 5000 subs thats it im nearly their now﻿,1,2
368,Law Halkett,2015-03-29T07:12:48.792000,Check out this video on YouTube:      <br />﻿,1,2
369,Alfred zipagan,2015-03-16T01:01:51.652000,like this comment if ur watching this on 2015 ﻿,1,2
370,Lisa UKGirl,2014-07-26T18:46:28.500000,Hey plz check out my music video. Thanks!! :-)﻿,1,2
371,Alexis Dean,2015-05-18T15:00:30.430000,Its funny because I listen to rock and death metal. But i like this.﻿,0,2
372,Jaymes Michie,2014-11-11T18:01:00.198000,Yo like what up this song is fricking beast anywon herd the see mee rollin or I woke up in a new Buggti check out nuketown rap I was shooting in it see my nice quick scoping things training for faze adoult freind sang I was at my freinds house doing it we just had the rap going and we were doing fun things ﻿,1,2
373,Matheus Macedo,2014-07-21T04:24:24.585000,NICE :3﻿,0,2
374,jesus sanchez,2015-05-25T05:37:32.023000,2015 &lt;3﻿,0,2
375,Alenaid Zeledon,2014-09-18T19:21:53.622000,Check out this video on YouTube:﻿,1,2
376,sheerwill,2015-05-18T13:01:00.402000,I like this song<br />﻿,0,2
377,Renee Nelson,2014-07-23T22:23:47.235000,Good video﻿,0,2
378,Hamza Hamza,2015-03-15T14:03:27.801000,Check out this video on YouTube:﻿,1,2
379,edge mango,2015-05-19T12:40:24.071000,"OH SHIT THIS WAS UPLOADED ON MY BIRTHDAY, finally my birthday isnt a curse, because on this day maylaysia airlines went missing, so i thought my birthday was a curse xD﻿",0,2
380,Synchronized™ Nightcore,2015-05-15T14:58:48.131000,Do not like this comment if you are not watching in 2004﻿,1,2
381,latisha garcia,2015-03-09T00:33:08.463000,Check out this playlist on YouTube: I tried﻿,1,2
382,Vivid Phantasm,2015-01-31T23:42:34.531000,Men stop being naive idiots believing in love and believing that women actually respect you.  Want a more fulfilling drama fee life? Check out MGTOW. There are many channels here on YouTube that you can chose from which will give you all the information needed. (Caution: Not for men who enjoy being disposable providers of utility)﻿,1,2
383,SuperPanic3,2015-01-17T20:26:39.026000,LIKE AND SUBSCRIB IF YOU WATCH IN 2015 ;)﻿,1,2
384,Andy FunnyVideos,2015-05-25T16:33:18.843000,"the views...... They&#39;re over 90,000!!!!!!!!!!!!!!!!!!!!!!!!!!!!!!!!!!!!!!!!!!!!!!!!!!!!!!!!!!!!!!!!!!!!!!!!!!!!!!!!!!!!!!!!!﻿",0,2
385,Ioan Meruta,2015-01-22T23:31:42.316000,"<a href=""https://m.freemyapps.com/share/url/10b35481"">https://m.freemyapps.com/share/url/10b35481</a>﻿",1,2
386,ItsJoey Dash,2014-07-22T10:04:05.755000,EVERYONE PLEASE SUBSCRIBE TO MY CHANNEL OR CAN YOU ALL JUST GO LOOK AT MY VIDEOS ﻿,1,2
387,James Marrin,2014-10-05T01:41:04.984000,Check out my YouTube channel I can rap﻿,1,2
388,javiera fracisca labrin,2015-05-17T19:43:43.872000,this very good so I dance with some companions front of the whole school﻿,0,2
389,ignacio diaz palma,2015-05-24T16:10:47.020000,5 years... ﻿,0,2
390,allen webb,2015-02-28T21:01:42.150000,Check out this playlist on YouTube:﻿,1,2
391,Beatriz A York,2014-12-25T19:20:32.982000,Check out this playlist on YouTube:﻿,1,2
392,LemonSpy_,2015-05-21T03:30:25.794000,"Damn, this was everywhere﻿",0,2
393,FreddyLegends Songs,2015-05-11T20:43:01.326000,IIIIIIIIIII LOVE THIS SHAKE IT SONG OH SORRY EVERY SHAKE IT SONG I LIKE WATCH SUBSCRIBE AND NEVER UNLIKE BROOOOO!!!!!!!!!!! SHAKE IT UP﻿,1,2
394,Will Smith,2014-12-22T04:56:24.257000,Check out this playlist on YouTube:pl﻿,1,2
395,Janja Kmetič,2014-12-17T15:37:12.685000,Check out this video on YouTube﻿,1,2
396,OfficialBladeDoesGaming,2015-05-17T11:03:22.388000,Best song ever﻿,0,2
397,Simply Terrell,2014-12-26T11:17:56.976000,Subscribe to my channel <br />Tweet &amp; Follow me on twitter //therealterrell_ <br />And I will follow you back 👀﻿,1,2
398,Sami Nashawi,2014-10-29T15:28:53.402000,SUP GUS THIS IS A VIDEO FOR PEOPLE WHO LOVES PARTY ROCK SO THANKS FOR WATCHING AND PLEASE SUBSCRIBE:)!!﻿,1,2
399,vipman yea,2015-05-22T19:29:46.566000,4 fucking years are fucking past so fucking fast fuck.....﻿,0,2
400,Ben Smith,2014-12-10T16:53:09.604000,Check out this video on YouTube:﻿,1,2
401,Jasmin Lopez,2015-05-20T03:52:41.589000,I like how the robot shuffles he shuffles good﻿,0,2
402,Sandra Barrett,2015-05-17T13:02:04.359000,Party in da 🏠 tonight 👐👐👐👐👐👐﻿,0,2
403,ownpear902,2014-07-22T18:44:36.299000,"check it out free stuff for watching videos and filling surveys<br /><br /><a href=""http://www.prizerebel.com/index.php?r=1446084"">http://www.prizerebel.com/index.php?r=1446084</a>﻿",1,2
404,Sana Kashif,2015-05-23T20:55:07.056000,Nice﻿,0,2
405,LuckyMusiqLive,2014-07-21T22:25:54.048000,this song is awesome. these guys are the best. love this video too its hilarious lol. im getting popular fast because i rap with meaning. thumbs up if you piss next to the water in the toilet so it doesnt make noise﻿,1,2
406,eliška žáková,2015-05-26T19:59:04.606000,CUTE  :)﻿,0,2
407,jessie J,2015-01-08T16:16:52.163000,Check out this video on YouTube:Qq﻿,1,2
408,LaS Music,2015-05-28T19:23:35.355000,"Hey guys, I&#39;m a human.<br /><br /><br />But I don&#39;t want to be a human, I want to be a sexy fucking giraffe.<br /><br /><br />I already have the money for the surgery to elongate my spinal core, the surgery to change my skin pigment, and everything else! Like this post so others can root me on in my dream!!!!<br /><br /><br />Im fucking with you, I make music, check out my first song! <a rel=""nofollow"" class=""ot-hashtag"" href=""https://plus.google.com/s/%23giraffebruuh"">#giraffebruuh</a>﻿",1,2
409,jose delacruz,2015-02-03T21:44:11.740000,Check out this video on YouTube:﻿,1,2
410,TheLjc808,2015-02-10T19:48:56.558000,"Youtube comments in a nut shell:<br /><br />.First<br />.301 club<br />.Skip to <a href=""http://www.youtube.com/watch?v=KQ6zr6kCPj8&amp;t=3m57s"">3:57</a> and close your eyes<br />.Advertisements<br />.like this comment for no reason<br />.Christianity arguements<br />.Other religious arguements<br />.Console wars<br />.#PCMASTERACE<br />.Trolls<br />.&quot;How is there 1 million views on the this video if theres online 10 people on earth/<br />.Complaints<br />.Pewdiepie fangirls<br />.Minecraft scrubs<br />./r/MontageParodies<br /><br /><br />AND ANY OTHER SHIT!!﻿",1,2
411,nienke de kimpe,2015-05-25T07:14:26.531000,Cool﻿,0,2
412,reesekupp24,2015-05-14T14:10:58.987000,Check out this video on YouTube:﻿,1,2
413,Salah DK,2014-07-22T13:45:20.355000,awesome﻿,0,2
414,Captain Liverpool,2015-03-31T13:56:40.139000,please suscribe i am bored of 5 subscribers try to get it to 20!﻿,1,2
415,‫غاردينا خالد‬‎,2015-01-12T06:06:06.398000,Check out this video on YouTube:﻿,1,2
416,rbsully,2015-01-09T03:44:56.996000,Check out this video on YouTube:﻿,1,2
417,RandomFuntime,2014-08-04T13:27:47.451000,"Hey I&#39;m a British youtuber!!<br />I upload Weekly!! <br />It would mean the world if you could subscribe!!<br />Thanks,Joyce!!<br />﻿",1,2
418,Lolumad66,2015-05-21T19:41:48.565000,Best song ever made i swear :D i still hear even doe it old!! who else?﻿,0,2
419,mariela guzman,2015-05-02T03:56:24.560000,Check out this video on YouTube:﻿,1,2
420,Paige Lebrun,2015-05-26T23:25:22.172000,"LMFAO - Party Rock Anthem ft. Lauren Bennett, Goo…: <a href=""https://youtu.be/KQ6zr6kCPj8"">https://youtu.be/KQ6zr6kCPj8</a>     <br />BOX MAN GOT SOME MOVES! :D HE MAKES MEH SMILE﻿",0,2
421,Lemon Slices,2015-05-25T02:12:17.753000,Omg it&#39;s going to have 1bi views!﻿,0,2
422,Merle Walton,2015-05-26T12:53:14.308000,Love this video and the song of course﻿,0,2
423,Eduardo Salgado Uresti,2015-05-20T13:16:34.752000,Thumbs up if shrek is gay 👍﻿,1,2
424,Tala sweet,2015-05-21T14:15:23.860000,Best song for ever💜💜😢<br />﻿,0,2
425,Thejaynetts,2015-05-23T00:53:59.385000,Never get old ﻿,0,2
426,Sinaloence LiveUniverseI,2015-04-29T03:58:06.452000,I like This Comment and do not kill :P﻿,1,2
427,Ashton Larsen,2015-05-11T03:48:24.272000,Check out this playlist on YouTube:m﻿,1,2
428,Jessica Benavides ,2015-05-26T04:15:04.528000,Check out this video on YouTube:<br />﻿,1,2
429,DrPunkable,2015-05-20T17:39:26.476000,"okay, this should cover me for some time... Thumbs up if you&#39;re watching while youtube still exists.﻿",1,2
430,JR6GAMING,2015-05-22T02:08:09.304000,lets get it to 1 BILLION﻿,0,2
431,crazy girl,2015-05-23T23:26:05.305000,tension⤴︎⤴︎﻿,0,2
432,SoulInChains00,2015-05-27T18:28:25.926000,PARTY ROCK (8) ~﻿,0,2
433,Andrea Incollingo,2015-04-21T14:52:10.879000,Check out this video on YouTube:﻿,1,2
434,Roham 11,2015-05-22T20:42:29.523000,Strong messages in every  song I&#39;ve  heard.﻿,0,2
435,Rafael Diaz Jr,2015-01-25T20:57:46.039000,Check out this video on YouTube:﻿,1,2
436,Sebastian Garcia,2014-10-16T00:50:14.327000,great l subscribe﻿,1,2
437,caitlyn keffer,2014-12-06T19:45:01.381000,Check out this video on YouTube:﻿,1,2
0,Kyle Joyce,,Check out this video on YouTube:﻿,1,3
1,ViperFoe,,"Wow justin Bieber is Better  thats why when he buys medication he always shares with his half wited money alfred but sadly enough he is an attention hog with swamp ass and an eating disorder filled with sassy mice, and flaming hot cheetos that he can eat with the power of the samurman.",1,3
2,Klaudia Marysol,,Check out this video on YouTube:﻿,1,3
3,MrCurr3ncY,,Hey check out my channel!!!! Please,1,3
4,Ke Vin a.k.a. Righteous,2015-05-24T01:57:20.995000,i want to smack this year boy in to forever﻿,0,3
5,moisi rrudha,2015-05-24T12:38:17.713000,super rihanna﻿,0,3
6,real money,, subscribe to my feed,1,3
7,Aurora Calvanelli,2015-05-27T18:00:23.754000,I love you!❤✨﻿,0,3
8,Dominic Randall,,Hi everyone. We are a duo and we are starting to record freestyles and put them on youtube. If any of you could check it out and like/comment it would mean so much to us because we love doing this. We may not have the best recording equipment but if you listen to our lyrics and rhymes I think you&#39;ll like it. If you do then please subscribe and share because we love making these videos and we want you to like them as much as possible so feel free to comment and give us pointers! Thank you!,1,3
9,emily 13,2015-05-28T23:10:37.700000,i love song :)﻿,0,3
10,Dany PK,,SUBSCRIBE TO MY CHANNEL X PLEASE!. SPARE,1,3
11,canku alkan,,check out my new EM cover video trailer,1,3
12,Ikram Riani,2015-05-20T18:53:35.943000,I lovet﻿,0,3
13,Cristian Sepulveda,2015-05-28T01:47:29.843000,"Rihana, Love Me. :(﻿",0,3
14,RaMpAgE420,,Check out Berzerk video on my channel ! :D,1,3
15,nataly gonzález,2015-05-19T21:49:18.833000,She looks like Megan Fox 😂 xD!!﻿,0,3
16,FreshX,,"GUYS SHARE THIS VIDEO!!!!!  HE must have 1.000.000.000 views  Share on Facebook, groups, pages!!",1,3
17,M.E.S,,im M.E.S an aspiring young rapper with high hopes.  i know you will not click this link and check out my channel. you just dont want to.  well its your choice. in fact you know what DONT CLICK,1,3
18,Seth Ryan,2015-05-21T20:04:36.016000,Almost a billion﻿,0,3
19,Seth Ryan,2015-05-21T20:04:26.473000,Great song﻿,0,3
20,Joseph Jackson,,"You guys should check out this EXTRAORDINARY website called MONEYGQ.COM . You can make money online and start working from home today as I am! I am making over $3,000+ per month at MONEYGQ.COM ! Visit MONEYGQ.COM and check it out! Memory Ferirama Besloor Shame Eggmode Wazzasoft Sasaroo Reiltas Moderock Plifal Shorogyt Value Scale Qerrassa Qiameth Mogotrevo Hoppler Parede Yboiveth Drirathiel",1,3
21,Martin Gébele MUSIC,,"I shared my first song &quot;I Want You&quot;, and I hope you&#39;ll like it. Take a listen!✌️😊 <a href=""https://youtu.be/-YfUY4gKr1c"">https://youtu.be/-YfUY4gKr1c</a>﻿",1,3
22,Lauralyn Karoll,,"<a href=""https://www.facebook.com/groups/100877300245414/"">https://www.facebook.com/groups/100877300245414/</a>﻿",1,3
23,Nick Amodei,,"This past Christmas my dad passed away, to help me cope I picked up a pen and some paper and started to write. Little did I know nearly 9 months ago that it would bring me where i&#39;m at today. Over 7k subscribers and 500k video views. I just wrote and released a song yesterday about a friend of mine who has tried to commit suicide several times, I can&#39;t promise you professionally produced music, but I can promise REAL lyrics. Just click on my picture. Thanks, and thumbs up so others may see?",1,3
24,SIR JOHN,2015-05-07T02:28:12.704000,EMINEM the best EVER.﻿,0,3
25,Sylvie Clinkemaillie,2015-05-26T16:53:49.753000,LOVE TROP FORT VOTRE  clip﻿,0,3
26,King Kunta,2015-05-27T09:59:32.192000,Feels and emotions in this song...God damn﻿,0,3
27,iSmartKid,2015-05-28T03:27:18.079000,2015 but Im still listening to this!﻿,0,3
28,William Davis,2015-05-28T22:42:19.185000,The perfect example of abuse from husbands and the thing is I&#39;m a feminist so I definitely agree with this song and well...if I see this someone&#39;s going to die! Just sayin.﻿,0,3
29,Sandeep Singh,2015-05-23T17:51:58.957000,Charlie from LOST﻿,0,3
30,susie johnson,2015-05-28T17:27:31.425000,No-I hate The Way U LIe!!﻿,0,3
31,ferhan kifle,,Go check out eminem survival.,1,3
32,Belinda Mitchell,,Check out this playlist on YouTube:﻿,1,3
33,geraldine lopez,2015-05-20T23:44:25.920000,love the you lie the good﻿,0,3
34,Anthony Konstantinou,,Every weekend a new lyric video of Eminem here VIEW LIKE SUBSCRIBE,1,3
35,Josh Dummett,,Also check out D.j.j where do i go now and road to recovery,1,3
36,GreenStudioMashups,,check out my Eminem &amp; Kid Cudi M a s h up /watch?v=XYTcq5NzMuA,1,3
37,HEADSHOT946,,Look and shares my video please :D,1,3
38,Chris King,,Hey! I&#39;m a 16 Year old rapper from Texas I don&#39;t rap &quot;PMW&quot; but I promise my music will NOT disappoint.. Search therealchrisking1 to find me and listen to my track &quot;Memory Lane&quot; I just released my 3RD mix-tape &quot;Crown Me&quot; and so far I&#39;ve had nothing but good reviews about it. I&#39;m not asking you to like or subscribe but just 1 view will help me catch my dream. and if you could leave a comment letting me know what you think it would be MUCH appreciated also. Thank you.,1,3
39,awsome models,,plese subscribe to me﻿,1,3
40,rap classics,,check out my channel for rap and hip hop music,1,3
41,JuanPa Rap,2015-05-28T23:23:41.231000,Eminem is idol for very people in España and Mexico or Latinoamerica﻿,0,3
42,MajesticFlyingWhale,2015-05-25T22:38:00.654000,LOVE THIS SONG!!!﻿,0,3
43,twe enyss,2015-05-23T16:41:29.823000,"I love this-the talents of eminem and Skylar,works well together﻿",0,3
44,FaZe MinEz,,SUBSCRIBE TO ME! I MAKE MUSIC!,1,3
45,Vincent T.,,RIHANNA - POUR IT UP (VINCENT T. REMIX) RIHANNA - POUR IT UP (VINCENT T. REMIX) RIHANNA - POUR IT UP (VINCENT T. REMIX) RIHANNA - POUR IT UP (VINCENT T. REMIX) RIHANNA - POUR IT UP (VINCENT T. REMIX) RIHANNA - POUR IT UP (VINCENT T. REMIX) RIHANNA - POUR IT UP (VINCENT T. REMIX) RIHANNA - POUR IT UP (VINCENT T. REMIX) RIHANNA - POUR IT UP (VINCENT T. REMIX)  CLICK! SUBSCRIBE!,1,3
46,janez novak,,share and like this page to win a hand signed Rihanna photo!!! fb -  Fans of Rihanna,1,3
47,Joyce Jones,,Check out this playlist on YouTube:﻿,1,3
48,Shakeema Edwards,2015-05-24T01:27:05.997000,"Charlie, heroin will do that to you.﻿",0,3
49,Emma Fedorova,2015-05-26T22:16:39.932000,LOVE IT!!!!!!!﻿,0,3
50,AllDailyVines,,:D subscribe to me for daily vines,1,3
51,Steph C,,Check out this video on YouTube:﻿,1,3
52,Darrion Johnson,2015-05-29T01:27:30.360000,Wow this video almost has a billion views! Didn&#39;t know it was so popular ﻿,0,3
53,mona lavallee,,Check out this video on YouTube<br /><br /><br />﻿,1,3
54,spamworld2009,,Share Eminem&#39;s Artist of the Year video so he can win. We could see a performance and acceptance speech. Like this comment so everyone can see.  2014 =  Year of Eminem,1,3
55,Andrew Willigar,,"<a rel=""nofollow"" class=""ot-hashtag"" href=""https://plus.google.com/s/%23Awesome"">#Awesome</a> <a rel=""nofollow"" class=""ot-hashtag"" href=""https://plus.google.com/s/%23Share"">#Share</a> <a rel=""nofollow"" class=""ot-hashtag"" href=""https://plus.google.com/s/%23RT"">#RT</a> Eminem - Love The Way You Lie ft. Rihanna <a href=""http://ow.ly/2zME8f"">http://ow.ly/2zME8f</a>﻿",1,3
56,kevin alvarado,,Check out this video on YouTube:﻿,1,3
57,Scott Johnson,,"You guys should check out this EXTRAORDINARY website called ZONEPA.COM .   You can make money online and start working from home today as I am!   I am making over $3,000+ per month at ZONEPA.COM !   Visit Zonepa.com and check it out!  Why does the view disclose the macho lift? Why does the letter frame the thundering cause? Why does the talk prevent the conscious memory?",1,3
58,Amy Eller,,Check out this video on YouTube:﻿,1,3
59,Maria Montana,2015-05-23T04:15:02.178000,"Awesome song!,congratulations!!!﻿",0,3
60,Chuck Norris,,Do you need more instagram followers or photo likes? Check out IGBlast.com and get em in minutes!,1,3
61,railn j sander,2015-05-26T05:32:15.041000,"I guss this song is one of my worst fears in life, to be with someone who abusive towered me and live with him.... ﻿",0,3
62,RapStarz Coleman,,Subscribe To Mê Please Guys,1,3
63,Trey Curling,,Check out my channel for some lyricism.....,1,3
64,KING CAPP,2015-05-26T02:31:39.111000,2008-2010 were the years for pop﻿,0,3
65,rukshan bieber,,Hey guys please just spent one minute for me:) im a singer from srilanka and im 18 year&#39;s old! SooO I LIKE TO BE GREAT SINGER will be a one day so i hope it would be happen in really my life. Just view my videos and rate it and let me know how is my voice please help us guys closer to living my dream:)! I really know you&#39;d helped me who read this comment he/she can just understand my feeling ! Thanks guys lv u really much more! SUBSCRIBE IT MY CHANNEL AND ONECE AGAIN THANK U !,1,3
66,Supernatural Kubilay,2015-05-28T07:23:37.637000,Eminem and Rihanna sing the song very well.﻿,0,3
67,Ezequiel Escamilla,2015-05-24T09:45:22.706000,I love your songs eminem your the rap god﻿,0,3
68,LaMusician,,could you guys please check out my channel for hiphop beats?,1,3
69,Angie Medina,2015-05-22T10:58:24.072000,Eminem - Love the way you lie ♥ ♥ ♥﻿,0,3
70,dungeonturmoil1 .,,"YO GUYS SORRY IF THIS ANNOYS YOU!!! BUT CHECK OUT MY CHANNEL, AND LATEST VIDEO. A LIKE AND SUBSCRIBE WOULD BE NICE TOO!!!!!!!",1,3
71,Adam B,,adam b beats check out my page 2013,1,3
72,Adam B,,check out my page ADAM B BEATS 2013,1,3
73,InfernoGaming,2015-05-19T23:19:47.316000,:D﻿,0,3
74,Fantasy Mysteries,2015-05-23T12:12:16.470000,First they were fighting... Then they were making out...﻿,0,3
75,lisabelb,,CHECK OUT MY COVER OF LOVE THE WAY YOU LIE PLEASE!!,1,3
76,Levi Cole,2015-05-21T15:03:22.787000,Almost to a billion :)﻿,0,3
77,Susan Ambs,,Check out this video on YouTube:﻿,1,3
78,Aubone LeMieux ,2015-05-20T03:15:39.925000,I lover this song,0,3
79,ferri andrian,2015-05-24T14:32:55.194000,best song ever (y)﻿,0,3
80,Pugnsuit,2015-05-28T21:32:08.714000,This song is about Rape and Cheating     <br /><br /><br /><br /><br /><br /><br /><br /><br /><br />Basically.....﻿,0,3
81,Lily Barboza,2015-05-22T22:36:11.416000,Hi loving it﻿,0,3
82,miguel Leon,2015-05-25T22:52:54.552000,eminem - RIHANNA﻿,0,3
83,Paul Buxton,2015-05-21T11:12:22.066000,Omg! This guy sounds like an american professor green﻿,0,3
84,Rose Bruhns,,Check out this video on YouTube:﻿,1,3
85,Elsa Ekokobe Rønning,2015-05-22T22:19:43.707000,Lol thats the guy from animal planet and lost. And the girl is megan fox i think hahah ﻿,0,3
86,diabeat diaBEAT,,I agree they are just damn spammers. They suck. Im trying to do the same and get known. I know the feeling. I will help you out and leave likes and comments on your page. I hope you could do the same and maybe subscribe to me that would be awesome thanks,1,3
87,faisal joy,2015-05-21T18:24:19.018000,Hi I am from bangladesh 💜﻿,0,3
88,AdmiralMusclebeard,,I&#39;m subscribing to you just because your comment was that great.,1,3
89,Stricker Stric,,eminem new song check out my videos,1,3
90,Smitty Werben Jaggerman Jensen,2015-05-21T18:44:38.982000,I like the Mmph version better﻿,0,3
91,Zach Myers,2015-05-26T19:46:46.819000,I hate rap and I like this song﻿,0,3
92,Jp Galeanoo,2015-05-21T01:05:43.761000,I  love you Eminem﻿,0,3
93,HOTFUZZOFFICIAL,,"Hello to everyone! Please check out my video: /watch?v=2b4WyWpHi8c It takes just 2 minutes, hope I don&#39;t ask too much. If you can&#39;t help me just Like &amp; Share the video please, so more people will see it. Thumbs UP, it would mean so much to me, maybe will make my dream come true. Thanks to everyone, GOD BLESS YOU ALL!",1,3
94,Kishore sl,2015-05-28T18:41:47.260000,"Don&#39;t love someone soo much, love the way u lie..﻿",0,3
95,Brian Fletcher,2015-05-20T22:52:14.890000,Eminem rocks!﻿,0,3
96,DJ ROY,," Hey youtubers... {**}I really appreciate all of you who took the time, to read this, I am just a 19 year old boy who wants to be a successful musician in the           music world. {**}I dont have any money to advertise my channel, {**}If you could just visit my channel, comment on my video or subscribe, that would be great.... {**}It will only be few seconds of your life..... {**}Thank u to all the people who just gave me a chance l really appreciate it ",1,3
97,awsome6948,2015-05-26T15:26:55.753000,this song is better then monster by eminem﻿,0,3
98,Inga Lomidze,,like please﻿,1,3
99,Laura Brown,,"You guys should check out this EXTRAORDINARY website called FIREPA.COM .   You can make money online and start working from home today as I am!   I am making over $3,000+ per month at FIREPA.COM !   Visit FIREPA.COM and check it out!   Lake   . Busyglide . Sasaroo . Sore . Chillpal . Axiomatic . Naperone . Mere . Undesirable . Agreeable . Encouraging . Imperfect . Roasted . Insidious . Modgone . Quickest . Trelod . Keen . Fresh . Economic . Bocilile",1,3
100,Joden Brett,,all u should go check out j rants vi about eminem,1,3
101,Sebastian Martinez,2015-05-27T23:35:12.915000,that is megan fox﻿,0,3
102,LUKAZ G,2015-05-23T04:45:12.703000,Was that Meghan fox??﻿,0,3
103,Dakoda Bigelow,,"Hey everyone, I&#39;m Dakoda Bigelow.  I&#39;m a 17 year old singer, rapper and producer.  I&#39;ve gained over 490,000 views so far but I really need more views, likes and subscribers in order to make it.  Check out my brand new music video for my song So Gone!  Also check out my new song called Deaf.  A few moments of your time would be greatly appreciated and you won&#39;t regret it :)  Please thumbs this up so more people can see it!  Thanks for the support.",1,3
104,austin green,2015-05-25T01:36:45.928000,Eminem is my insperasen and fav﻿,0,3
105,Giovanni Satta,2015-05-20T09:10:44.658000,beautiful song!﻿,0,3
106,Honest586,,*for 90&#39;s rap fans*  check out my Big Pun - &#39;Beware&#39; cover!  Likes n comments very much appreciated!,1,3
107,Bilinmeyenin Bilinmeyeni,,Subscribe me Secret videos :D﻿,1,3
108,Laura Da Silva,2015-05-27T20:53:19.614000,❤❤❤❤❤❤❤﻿,0,3
109,ankit gulekar,2015-05-24T13:18:45.489000,Who is still watching in 2015﻿,0,3
110,BAT MAN,2015-05-19T10:33:12.247000,Really good song .<br />you know love song song.﻿,0,3
111,Laura Winner,2015-05-23T05:14:55.214000,This song/video is such a trigger but it&#39;s just so good...﻿,0,3
112,M.E.S,,hey guys i know you wanna skip over this but please take a chance and check out my music I&#39;m a young up and coming rapper with a big dream and i appreciate constructive critisism. so please have a look thank you for your time,1,3
113,Ali Baza,2015-05-27T18:33:10.607000,"Still listening,still same pleasure﻿",0,3
114,Quinn and Mia Channel MattyB101,2015-05-21T22:48:59.766000,So freaking sad...﻿,0,3
115,Butter Forbes,,Hello. I only made ONE Eminem song on my channel. Could you guys just put A LIKE on it please? Don&#39;t need to subscribe. Thanks.,1,3
116,seven4justice,,Media is Evil! Please see and share: W W W. THE FARRELL REPORT. NET  Top Ex UK Police Intelligence Analyst turned Whistleblower Tony Farrell exposes a horrific monstrous cover-up perpetrated by criminals operating crimes from inside Mainstream Entertainment and Media Law firms. Beware protect your children!! These devils brutally target innocent people. These are the real criminals linked to London&#39;s 7/7 attacks 2005.  MUST SEE AND MAKE VIRAL!!! Also see UK Column video on 31st January 2013.,1,3
117,clirim99,2015-05-19T12:13:44.952000,is that megan fox x:D?﻿,0,3
118,sparkle princess,2015-05-26T07:39:34.920000,"do you guys know, there&#39;s a part two of this song! :D﻿",0,3
119,RapStarz Coleman,,Hey Go To My Channel Check Out My Dongs Thanks YouTuber&#39;s,1,3
120,Derek Moya,,"You guys should check out this EXTRAORDINARY website called MONEYGQ.COM .   You can make money online and start working from home today as I am!   I am making over $3,000+ per month at MONEYGQ.COM !   Visit MONEYGQ.COM and check it out!  When does the flimsy slip facilitate the manager? How does the noise set goals the anxious regret? How does the actually loss retrieve the smile?",1,3
121,Bryan Carter,,Check out this video on YouTube:﻿,1,3
122,Noise​Break,,Like &amp; Subscribe /watch?v=5tu9gN1l310,1,3
123,Intan  Nadia,2015-05-22T09:38:22.793000,Is that girl is Megan fox ﻿,0,3
124,jameel alnozha,2015-05-25T06:01:01.050000,amazing song﻿,0,3
125,acgillespie,2015-05-26T17:09:09.703000,Sick Music for sick females﻿,0,3
126,Louis Bryant,,"You guys should check out this EXTRAORDINARY website called ZONEPA.COM . You can make money online and start working from home today as I am! I am making over $3,000+ per month at ZONEPA.COM ! Visit Zonepa.com and check it out! How does the war illustrate the exclusive space? The mountain refers the helpless death. The tax reviews the special music.",1,3
127,Lisa Wellas,,+447935454150 lovely girl talk to me xxx﻿,1,3
128,SBG | Zombies,2015-05-21T20:37:21.421000,We need to get this to 1 Billion Views!!﻿,0,3
129,Großdeutsches Reich,2015-05-26T02:31:49.765000,Fuck you Eminem﻿,0,3
130,Furashious,2015-05-21T12:41:55.505000,Charlie got off the island and dated Megan Fox? b-but what about claire?﻿,0,3
131,DanteBTV,,Check Out The New Hot Video By Dante B Called Riled Up,1,3
132,Marko Vukoja,,wtf. subscribe my channel thanx ;),1,3
133,AD OSG,,Please check out my New Song (MUSIC VIDEO) AD - Dont Play,1,3
134,Marcellus Scates-nash,2015-05-20T19:58:01.440000,awesome﻿,0,3
135,kyeman13,,Go check out my rapping video called Four Wheels please ❤️﻿,1,3
136,Nicholas Reed,,"this is the 4th most watched video on youtube. and hes the 21 most subscribed channel on youtube, just recentley surpassing justing bieber and is less then 1,00 subs away from beating taylor swift",1,3
137,AD OSG,,Please check out my New Song (Music Video) AD - Don&#39;t Play,1,3
138,Ben vW,2015-05-24T14:00:01.233000,I could hear this for years ;3﻿,0,3
139,Ashim Limbu,,YO GUYS IM 14 YEAR OLD RAPPER JUST STARTED RAPPING  SO PLEASE CHECK OUT MY SITE AND LEAVE FEEDBACK AND SUBSCRIBE  ALSO LIKE THIS COMMENT SO MORE CAN SEE AND MAKE MY CHANNEL BIG ASWELL,1,3
140,Juarez Ounfee,, I can&#39;t believe this I just now watched a brand new adult video clip with rihanna She has been screwing a black Basketball player  Check out her video right here if you wish:   crazy-celeb-news.eu.pn,1,3
141,FrostByteRaines,,No long paragraph just check out my song called &quot;Fire&quot;.,1,3
142,Amaral Shady 013,2015-05-07T22:43:51.220000,Hello Brazil 😻✌💓😻👏﻿,0,3
143,LEGO_01 AND OBRY,2015-05-26T01:15:53.571000,"Holy crap. 800,000,000 views?!﻿",0,3
144,PDV10,2015-05-23T02:32:21.664000,charlieee :DDDD (Those who saw Lost only will understand)﻿,0,3
145,Huda Salah,2015-05-21T21:34:27.615000,Looooved ﻿,0,3
146,Jerry White,,"You guys should check out this EXTRAORDINARY website called MONEYGQ.COM .   You can make money online and start working from home today as I am!   I am making over $3,000+ per month at MONEYGQ.COM !   Visit MONEYGQ.COM and check it out!  The cook officiates the tax. The walk judges the amount. Why does the ink train the valuable increase?",1,3
147,TheGenieBoy,,check out fantasy music    right here -------&gt; the1fantasy  good music man.,1,3
148,Ractive,,"hey guy if you can please SUBSCRIBE to my channel im a young dedicated rapper i post videos everyday to improve  i write/perform/record/mix/edit/post everyday  i do a verse everyday (16 bars)to improve i&#39;m doing it for 365 days a whole year to improve right now i&#39;m on day 46  if you guys can please like this comment so everyone can see it and follow me on my journey/watch me improve everyday SUBSCRIBE PLEASE I&#39;m lyrical and i keep it real  help me reach my dream,help me build a fan base,THANKS(:",1,3
149,INCRIVELawesome,,Check Out LEANDRUS - PLAYTIME It&#39;s awesoooome !!,1,3
150,Elias Uchiha,,if eminem gets 1 penny per view he would have 600 million dollars,1,3
151,Melissa Erhart,,Check out this playlist on YouTube:chcfcvzfzfbvzdr﻿,1,3
152,kissmehk,2015-05-23T19:37:52.240000,:)﻿,0,3
153,chantel toledo,,Tell us the title so i can like and subscribe your music fgw please,1,3
154,BloodspitsMusic,,"Come check out our music channel! go check out the song &quot;Love Me&quot; by J.E.M.INI! If you do you are a very amazing person, thank you to all who check it out, if you don&#39;t check it out you&#39;re still an amazing person just for reading this post",1,3
155,TheJohnRage,,"Alright ladies, if you like this song, then check out John Rage.  He&#39;s a smoking hot rapper coming into the game.  He&#39;s not better than Eminem lyrically, but he&#39;s hotter. Hear some of his songs on my channel.﻿",1,3
156,There's No Saving Grace (FreakOffLeash),,Check out this video on YouTube:<br /><br />Love this song... It&#39;s all good will never go back that but I&#39;ll always remember the passion but never want to go back to being dysfunctional insanity....... Goal is to live happy not live insane. ﻿,1,3
157,01FLHT,,Check out this video on YouTube:<br /><br />Eminem is amazing. ﻿,1,3
158,pooperscooper71,2015-05-24T13:13:23.397000,I wish that guy wasn&#39;t so protective geeze﻿,0,3
159,Scott Johnson,,"You guys should check out this EXTRAORDINARY website called ZONEPA.COM .   You can make money online and start working from home today as I am!   I am making over $3,000+ per month at ZONEPA.COM !   Visit Zonepa.com and check it out!  Why does the answer rehabilitate the blushing limit? The push depreciateds the steel. How does the beautiful selection edit the range?",1,3
160,Ellen Hamilton,2015-05-26T03:40:15.595000,"Made five years ago and people still don&#39;t understand the message this song is conveying. For those of you who don&#39;t, understand that domestic violence is no game, women like the fictional one in this video do exist. Living their lives with a man who abuses her, but still chooses to stay for not the love, but for the sexual feeling he gives her. This is quite sad, actually. ﻿",0,3
161,The NeedleWork,,▬▬▬▬▬▬▬▬▬▬ஜ۩۞۩ஜ▬▬▬▬▬▬▬▬ CHECK OUT MY CHANNEL ▬▬▬▬▬▬▬▬▬▬ஜ۩۞۩ஜ▬▬▬▬▬▬▬▬,1,3
162,jacobvine2000 .,,"Usually guys I would vote people like this down but actually check out his channel, it reminds me of a smaller version of 8 mile. Give this guy a chance since everyone has to start somewhere!",1,3
163,TheFegi12,2015-05-19T22:30:57.239000,Not bad﻿,0,3
164,Honesty Wright,2015-05-20T19:58:06.997000,hay my is honesty wright i am 12year old  i love your song thank you for makeing this song i love this song so much sometime harts can get breaken  people kill  they self or go cazzy i  love you so much thanks 😱👏keep on go  make  sure you doing your   dream is comeing rule  good luck﻿,0,3
165,Domen Kristan,,CHECK OUT THESE LYRICS /watch?v=yUTTX04oyqQ,1,3
166,Terry-Lee Mackenney,,everyone come and check out the new GTA 5 Gameplay right Here : /watch?v=6_H0m5sAYho,1,3
167,101Tele,,"yo I know nobody will probably even read this..  But I’m gonna type it any way because i hope at least one person will  i&#39;m a rapper with a dream. I know there&#39;s like 200k of those in this world  but please check out my music and subscribe? if you want.? thanks,  I would love nothing more than to have a decent following on youtube..  if anyone? reading this could press the &quot;THUMBS UP&quot; other people will see it  just a simple button press? could make my dream come true =) Thank You",1,3
168,Karen Cervantes,2015-05-24T00:15:08.291000,Love Song﻿,0,3
169,harold_123,2015-05-25T01:03:35.172000,"Every collaboration between them, we know it will be number 1 ﻿",0,3
170,Playboy 808,2015-05-28T17:25:06.652000,Fuck Eminem. Bieber is the best &lt;3﻿,0,3
171,nepaladventure,,Check out this playlist on YouTube:﻿,1,3
172,Maryf,2015-05-28T19:27:42.212000,Rihanna is absolutely gorgeous in this video.﻿,0,3
173,TheSkullcrusher73,2015-05-28T00:13:57.590000,who the fuck cheats on megan fox﻿,0,3
174,KOZZI RAP,,hello friends. i am a young 15 year old rapper trying to make something out of nothing..Please can you take a second of your life and check out my videos and help me reach my Dreams! GoD Bless YOU,1,3
175,Frozthax,,e.e....everyone could check out my channel.. dundundunnn,1,3
176,Brandon Thaler,,Hey everyone check out my channel leave a like and subscribe please and if there is a song you want me to do post the name in the comments and I will get on to it(: Thanks,1,3
177,cristina virrueta,2015-05-19T21:51:44.586000,I love eminem  &lt;3﻿,0,3
178,Tajuanna Davis,,Check out this video on YouTube:﻿,1,3
179,LXZNY,2015-05-27T17:47:58.539000,2010? The time past so fast ..﻿,0,3
180,kawaii sincebirth,2015-05-24T06:32:57.969000,"What the hell this song is already five years old?? I remember when it first came out, this was my jam﻿",0,3
181,Daniel Harding,2015-05-07T22:59:13.323000,That guy charley of lost TV show﻿,0,3
182,Rachael Knapp,,Check out this video on YouTube:﻿,1,3
183,Marsonal Carrey,2015-05-26T17:25:43.332000,"1,000,000 VIEWS NEAR﻿",0,3
184,Alura Patterson,2015-05-28T01:51:54.181000,Love this song﻿,0,3
185,Bo Lanciné MAGASSOUBA,2015-05-28T11:47:37.722000,"WE GO FOR 1,000,000,000 FOR EMINEM﻿",0,3
186,Izana,2015-05-28T20:46:16.348000,"I love this song, can&#39;t believe it was 5 years ago, it doesn&#39;t get old though﻿",0,3
187,Candela Camacho,2015-05-25T20:10:45.656000,What nicei⛺♥♥♥♥﻿,0,3
188,arrgh garry,,"My friends wife earns 4000DOLLARS a month ,you can do it do if you want to be a wwhore ,you can not get these type of wages for working from home on a PC taking surveys ...dont believe that shit,just because yahoo and other are taking their money does not mean they are LEGIT ..Please like this so the MSG gets thru to vulnerable  people Like eminem used to be ",1,3
189,Nikola Vejionvic,,/watch?v=aImbWbfQbzg watch and subscrible,1,3
190,Davide Puzzanghera,,Hi guys ! !  Check Out My Remixes ! !  Thanx You&#39;re Great ! ! SWAG ! !,1,3
191,faith jones,2015-05-23T23:47:20.885000,Megan Fox is gorg in this!! Eminem is truly the rap god :)﻿,0,3
192,Juan Aimar,2015-05-21T18:52:17.472000,Anybody else here in 2015?﻿,0,3
193,Derek Moya,,"You guys should check out this EXTRAORDINARY website called MONEYGQ.COM .   You can make money online and start working from home today as I am!   I am making over $3,000+ per month at MONEYGQ.COM !   Visit MONEYGQ.COM and check it out!  The metal drews the reflective effect. Why does the expansion intervene the hilarious bit? The sneeze witnesss the smoke.",1,3
194,Domonic gamer,2015-05-24T23:53:16.454000,is it bad that my realtionship is just like this lol﻿,0,3
195,DanteBTV,,Check Out The New Hot Video By Dante B Called Riled Up,1,3
196,GhostPoet100,,EMINEM FANS!!!  - Check Out The New Song &quot;FEELIN&#39; GOOD&quot; By J-D-P  Just Click The &quot;GHOSTPOET100&quot; Link Above This Post  Thank You All...,1,3
197,ryan cooper,,subscribed :) btw you have a good style keep it up brother :)),1,3
198,SmexyFriedChicken,,Check out my videos guy! :) Hope you guys had a good laugh :D,1,3
199,Andrés Nuñez,2015-05-21T02:11:54.710000,super﻿,0,3
200,Unitedstates America,2015-05-23T02:13:15.643000,"Getting too 1billion views, holy moly.!!!﻿",0,3
201,BEER BEER,2015-05-19T09:42:56.560000,i love Rihanna 😍😍😍😍[♧from Thailand♧]﻿,0,3
202,KeithLinscotts,,check out you tube keithlinscotts one word keithlinscotts you tube .com,1,3
203,Jihad Naser,,Hello I&#39;am from Palastine﻿,1,3
204,SnEakiESTG,,SnEakiESTG Good Music. Hood Muzik Subscribe 2 My Channel. Thanks For The Support. SnEakiESTG   SnEakiESTG Good Music. Hood Muzik Subscribe 2 My Channel. Thanks For The Support. SnEakiESTG,1,3
205,Earline Craver,2015-05-19T22:35:44.690000,Me and my big sister like you﻿,0,3
206,Louis Bryant,,"You guys should check out this EXTRAORDINARY website called ZONEPA.COM . You can make money online and start working from home today as I am! I am making over $3,000+ per month at ZONEPA.COM ! Visit Zonepa.com and check it out! How does the mammoth waste achieve the shock? How does the limit reduce the delicate minute? How does the meaty scale adapt the oil?",1,3
207,RusPassingGame,2015-05-25T11:04:16.985000,Who is watching in 2015 like﻿,0,3
208,spamworld2009,,watch?v=ARkglzjQuP0 Like this comment and share this video so Em can win!!! #YTMA,1,3
209,Punk 0utlaw,2015-05-19T06:14:30.089000,"This song is like an oreo, the black part is good but the white part is better﻿",0,3
210,来安 Rai An Tatsumi,2015-05-26T05:53:58.715000,"Hey, it&#39;s Charlie from Lost﻿",0,3
211,Febe Gonzalez,2015-05-27T21:01:51.708000,I love music﻿,0,3
212,101Tele,,"yo I know nobody will probably even read this..  but, Imma type it any way because i hope at least one person will  i&#39;m a rapper with a dream. I know there&#39;s like 200k of those in this world  but please check out my music and subscribe? if you want.? thanks,  I would love nothing more than to have a decent following on youtube..  if anyone? reading this could press the &quot;THUMBS UP&quot; other people will see it  just a simple button press? could make my dream come true =) Thank You",1,3
213,louis canellony,,watch youtube video &quot;EMINEM -YTMA artist of the year&quot; plz share to vote!!!,1,3
214,janez novak,,share and like this page to win a hand signed Rihanna photo!!! fb -  Fans of Rihanna,1,3
215,Daniel Klous,2015-05-28T20:24:21.778000,OMG that looks just like a piece of the mirror of harry potter and the deathly hallows.<br />Either that house. (sirius black)﻿,0,3
216,Chelsea Yun,2015-05-23T07:17:09.691000,i hate rap﻿,0,3
217,Gergő “Vlog14” Csatornája,2015-05-21T18:34:39.389000,Thumbs up if you listen this in 2015.﻿,0,3
218,char mcleod,,"Check out this video on YouTube: <a rel=""nofollow"" class=""ot-hashtag"" href=""https://plus.google.com/s/%23Eminem"">#Eminem</a> <a rel=""nofollow"" class=""ot-hashtag"" href=""https://plus.google.com/s/%23Lovethewayyoulie"">#Lovethewayyoulie</a> <a rel=""nofollow"" class=""ot-hashtag"" href=""https://plus.google.com/s/%23RapGod"">#RapGod</a> <a rel=""nofollow"" class=""ot-hashtag"" href=""https://plus.google.com/s/%23King"">#King</a> ﻿",1,3
219,andrewregino1,,Check out this video on YouTube:﻿,1,3
220,SlimShadyPG,,"EVERYONE GO AND SHARE youtu  be/ARkglzjQuP0 ON FB,TWITTER,G+ TO VOTE FOR EMINEM TO BECOME ARTIST OF THE YEAR ON FIRST EVER YOUTUBE MUSIC AWARDS !!!  AND GET THIS METHOD TO CHEAT AT INTERNET ROULETTE OUT OF EMINEMS VIDEO ! SHADY ARTIST OF THE YEAR !",1,3
221,Jakab Norbert,2015-05-26T17:26:02.908000,2010:(﻿,0,3
222,Michael J. Cabose,,like this comment then type 1337,1,3
223,Erin Williams,2015-05-06T17:19:21.193000,Best. Song. EVER 🙌﻿,0,3
224,Jay Stevens,,COME SUBSCRIBE TO MY CHANNEL! ;-)  PLEASE!!,1,3
225,Greg Porter,,Check out this playlist on YouTube:﻿,1,3
226,Derek Moya,,"You guys should check out this EXTRAORDINARY website called MONEYGQ.COM .   You can make money online and start working from home today as I am!   I am making over $3,000+ per month at MONEYGQ.COM !   Visit MONEYGQ.COM and check it out!  Why does the innocent woman prioritize the desire? The flight searchs the sad polish. When does the tax zip the omniscient record?",1,3
227,miamiscraziest,,LADIES!!! -----&gt;&gt; If you have a broken heart or you just want to understand guys better you should check out this underground book called The Power of the Pussy on AMAZON. Best book ever for us girls! Oh...and just a warning it&#39;s for 18 and over...lol,1,3
228,DanteBTV,,Check Out The New Hot Video By Dante B Called Riled Up,1,3
229,Terry-Lee Mackenney,,Hi Guys im an Upcoming Rapper if you could check out my channel and tell me what you think maybe subscribe or like i would really appreciate it all HATERS are welcome to :) thanks,1,3
230,dmrc43,2015-05-23T02:13:21.735000,so many comments.﻿,0,3
231,McCostaOficial,,subscribe to my channel who can,1,3
232,Joao Victor Canassa,2015-05-20T17:41:30.002000,Charlie from Lost!﻿,0,3
233,nepart maxx,2015-05-21T11:46:27.413000,Eminem best rapper all the time﻿,0,3
234,marion guy,,Okay trust me I&#39;m doing a favor. You NEED to check out this guy named Columbus Nelson on YouTube.,1,3
235,Warcorpse666,2015-05-26T02:27:43.254000,sorry but eminmem is a worthless wife beating bastard﻿,0,3
236,Louis Bryant,,"You guys should check out this EXTRAORDINARY website called ZONEPA.COM . You can make money online and start working from home today as I am! I am making over $3,000+ per month at ZONEPA.COM ! Visit Zonepa.com and check it out! How does the burst render the symptomatic bite? The knowledge briefs the narrow thought. How does the eager sky transmit the crush?",1,3
237,BigBird Larry,2015-05-24T09:48:00.835000,Every single one of his songs brings me back to place I can never go back to and it hurts so bad inside﻿,0,3
238,Eminem King of Rap !,,  Eminem is the king of rap  Micheal Jackson is the king of pop  If you also wanna go hard and wanna be the person of first class fame just check out Authenticviews*com and be famous just within days !! yO ~,1,3
239,Ashim Limbu,, HI IM 14 YEAR RAPPER SUPPORT ME GUY AND CHECK OUT MY CHANNEL AND CHECK OUT MY SONG YOU MIGHT LIKE IT ALSO FOLLOW ME IN TWITTER @McAshim for follow back.,1,3
240,Kate Mcdermit,,CHECK OUT THIS DOPE CHANNEL!    phenomenallyricshere CHECK OUT THIS DOPE CHANNEL!    phenomenallyricshere CHECK OUT THIS DOPE CHANNEL!    phenomenallyricshere CHECK OUT THIS DOPE CHANNEL!    phenomenallyricshere CHECK OUT THIS DOPE CHANNEL!    phenomenallyricshere CHECK OUT THIS DOPE CHANNEL!    phenomenallyricshere CHECK OUT THIS DOPE CHANNEL!    phenomenallyricshere CHECK OUT THIS DOPE CHANNEL!    phenomenallyricshere CHECK OUT THIS DOPE CHANNEL!    phenomenallyricshere,1,3
241,Sonny Carter,2015-05-22T11:46:35.988000,I love this song sooooooooooooooo much﻿,0,3
242,Damax,2015-05-29T00:41:22.426000,Almost 1 billion﻿,0,3
243,Nicky G,2015-05-19T20:56:00.184000,is that megan fox?﻿,0,3
244,DanteBTV,,Check Out The New Hot Video By Dante B Called Riled Up,1,3
245,Carolina Sanchez Cifuentes,2015-05-21T01:06:57.289000,Love you﻿,0,3
246,media.uploader,,Check out my channel to see Rihanna short mix by me :),1,3
247,Vence Cerbo,2015-05-21T09:19:36.091000,Lemme Top Comments Please!!﻿,0,3
248,Str8 Royalty,2015-05-19T09:46:37.599000,Eminem is the greatest artist to ever touch the mic.﻿,0,3
249,Monica Lewis,,Dress like Rihanna at kpopcity.net - The largest discount fashion store in the world! Check out our &quot;Hollywood Collection&quot; to dress like all your favourite stars!   Dress like Rihanna at kpopcity.net - The largest discount fashion store in the world! Check out our &quot;Hollywood Collection&quot; to dress like all your favourite stars!,1,3
250,Laura Brown,,"You guys should check out this EXTRAORDINARY website called MONEYGQ.COM .   You can make money online and start working from home today as I am!   I am making over $3,000+ per month at MONEYGQ.COM !   Visit MONEYGQ.COM and check it out!   Lake   . Ignorant . Wavefire . Reiltas . Astauand . Skizzle . Jovaphile . Swooflia . Grynn . Excellent . Slimy . Gabby . Nalpure . Lucky . Glozzom . Depressed . Better . Deep . Sinpad . Stereotyped . Toximble",1,3
251,Sawa Jamal,2015-05-23T12:12:59.082000,Never gets old best song ever  ❤﻿,0,3
252,KOZZI RAP,,CHECK OUT MY YOUTUBE VIDEOS FOR FUNNY AND COOL RAP,1,3
253,hazem bitar,2015-05-23T10:27:43.205000,I love this song up to the moon &gt;3 you are Rocks!﻿,0,3
254,Beats ProdByATHS,,tryna work with some rappers check out the ones i already have on my channel,1,3
255,manish srinivas,2015-05-26T10:35:10.230000,awesome song ever﻿,0,3
256,Jason Viens,,CHECK OUT MY MUSIC VIDEO ON MY CHANEL!!!,1,3
257,liu hui (dukegod),2015-05-21T05:12:43.987000,i love this song﻿,0,3
258,Louis Bryant,,"You guys should check out this EXTRAORDINARY website called ZONEPA.COM . You can make money online and start working from home today as I am! I am making over $3,000+ per month at ZONEPA.COM ! Visit Zonepa.com and check it out! The loud authority improves the canvas. When does the mother repair the uppity learning? The substantial cook derives the harbor.",1,3
259,Aniyah Wells,2015-05-24T05:09:00.545000,So he&#39;s admitting he killed his girlfriend???﻿,0,3
260,Mjt12,,Help me get 50 subs please ﻿,1,3
261,LIL TEZ,2015-05-28T20:11:52.781000,"You exactly who u want to be,watching your favourite rappers on tv﻿",0,3
262,Manikencheto Metodiev,2015-05-22T13:13:00.927000,Hello I&#39;m from Bulgaria﻿,0,3
263,Durgesh Rathod,2015-05-24T09:57:50.220000,fav.﻿,0,3
264,DanteBTV,,Check Out The New Hot Video By Dante B Called Riled Up,1,3
265,AllDailyVines,,hahahahah ♥♥♥♥ :D like vines ?  Subscribe to me for daily vines,1,3
266,Chris4chan,2015-05-26T02:55:34.984000,This video is kinda close to 1 million  views <br />﻿,0,3
267,Scott Johnson,,"You guys should check out this EXTRAORDINARY website called ZONEPA.COM .   You can make money online and start working from home today as I am!   I am making over $3,000+ per month at ZONEPA.COM !   Visit Zonepa.com and check it out!  The jelly activates the reflective distribution. The normal top synthesizes the opinion. The victorious plant entertains the language.",1,3
268,Maeva Bahlouli,2015-05-26T16:14:09.434000,Eminem et Rihana trop belle chanson﻿,0,3
269,Complete Pranks,, Subscribe and like my video please,1,3
270,Sean Gormaly,2015-05-27T01:47:25.865000,Is that Charlie from lost?﻿,0,3
271,AliBerk Özer,2015-05-27T15:16:59.137000,Love﻿,0,3
272,Amir bassem,,subscribe me if u love eminem,1,3
273,Sonny Carter,2015-05-19T11:11:27.740000,I love this song﻿,0,3
274,Ala Fatah,2015-05-21T18:00:06.674000,Is that Megan Fox?﻿,0,3
275,Adela Korman,,  Check out my SEXY VIDEO :*,1,3
276,tori strong,2015-05-25T01:56:04.076000,"love the way you lie featuring rhianna, hes an awesome rapper!!! shes an awesome singer!!!﻿",0,3
277,Brandtastic 1080,,Hay dakota u earned a subscribee,1,3
278,Rose Bruhns,,Check out this video on YouTube:﻿,1,3
279,Josephine Monti,,▌▌▌▌▌▌▌▌▌▌▌▌▌▌▌▌▌▌▌▌▌▌▌▌▌▌▌▌▌▌▌▌▌▌▌▌▌▌▌▌▌▌▌▌▌▌▌▌▌▌▌▌▌▌▌▌ FACEBOOK PASSWORD HACK 2013! facebook-pass-hack2013.blogspot.com ONLY 100% WORKING SOFTWARE FOR HACKING ANY FACEBOOK PASSWORD! It&#39;s FREE for download and breaks any password in 10-15 minutes! 100% virus free! For details and FREE DOWNLOAD please visit facebook-pass-hack2013.blogspot.com ▌▌▌▌▌▌▌▌▌▌▌▌▌▌▌▌▌▌▌▌▌▌▌▌▌▌▌▌▌▌▌▌▌▌▌▌▌▌▌▌▌▌▌▌▌▌▌▌▌▌▌▌▌▌▌▌,1,3
280,Tiffanythebest,,"CHECK OUT THIS NEW VIDEO I MADE CALLED &quot;WE LOVE MIND MASTER IT&quot;, THANK U SO MUCH ",1,3
281,Besser Wisser,,if you need youtube subscriber mail hermann buchmair on fb,1,3
282,Pedazo Astur,,This guy win dollars sleeping... m m m he loves the planet its full of RETARDS,1,3
283,dimitar traykov,2015-05-19T09:35:31.114000,some classsic :))))﻿,0,3
284,Destiny Boatley,2015-05-25T15:08:58.329000,I like this song very much﻿,0,3
285,Jesse Pinkman,2015-05-06T11:42:44.601000,Rihanna looks so beautiful with red hair ;)﻿,0,3
286,Chris Faith,,I personally have never been in a abusive relationship. I probably never will. I don&#39;t hit women. Mom has my dad used to hit my mom before he left. I can relate I&#39;m writing about one at the moment subscribe to hear it. EVERY fan counts.﻿,1,3
287,M.E.S,,hey its M.E.S here I&#39;m a young up and coming rapper and i wanna get my music heard i know spam wont get me fame. but at the moment i got no way of getting a little attention so please do me a favour and check out my channel and drop a sub if you enjoy yourself. im just getting started so i really appreciate those who take time to leave constructive criticism i already got 200 subscribers and 4000 views on my first vid ive been told i have potential,1,3
288,Sean Messi Y.,2015-05-26T17:12:28.337000,this song is NICE﻿,0,3
289,CypherBrothers,,"Aye homies check out our remix to 50 Cent Your Life Is On The Line we just started our youtube channel and we are all ways working hard, give us some feed back on our latest song on what you guys think if you like show support.﻿",1,3
290,UserGamer51 _,2015-05-27T17:33:07.626000,eminem is a ginius stop!﻿,0,3
291,Batman,2015-05-24T21:31:02.726000,This video deserves <b>1B</b> views!!!﻿,0,3
292,said abdesalam,2015-05-24T07:35:13.754000,song is bad﻿,0,3
293,..xXCoolMultiXx..,,He gets more views but has less subscribers lol,1,3
294,Ractive,,"hey guys if you guys can please SUBSCRIBE to my channel ,i&#39;m a young rapper really dedicated i post a video everyday ,i post a verse (16 bars)(part of a song)everyday to improve i&#39;m doing this for 365 days ,right now i&#39;m on day 41  i&#39;m doing it for a whole year without missing one day if you guys can please SUBSCRIBE and follow me on my journey to my dream watch me improve, it really means a lot to me  thank you (:, i won&#39;t let you down i promise(: i&#39;m lyrical i keep it real!",1,3
295,the34104,,check out eminem latest track survival if u didnt,1,3
296,KOZZI RAP,,CHECK OUT MY CHANNEL BOYS AND GIRLS ;),1,3
297,A Way With Words,,Check out our cover of this song!,1,3
298,vZoqwa,2015-05-21T09:48:06.926000,thumbs up if you think this should have 1 billion views﻿,0,3
299,General Delícia,2015-05-26T01:47:14.557000,she is megan fox?because she is very similar﻿,0,3
300,Vivek Bhardwaj,2015-05-23T22:14:55.993000,amazing song﻿,0,3
301,Ractive,,"i been working so hard for the past 60 days to improve i been writing/recording/mixing/performing 16 bars everyday im doing it for a whole year(365 days) today i&#39;m on day 60 today i work so hard now i&#39;m doing 2 verses everyday to improve i&#39;m going all the way to 365 PLEASE SUBSCRIBE to my channel  help me build a fan base ,watch me improve,help me get closer to my dream i&#39;m lyrical and i keep it real i won&#39;t leave you down i promise(: PLEASE SUBSCRIBE please like this  commment so people can see",1,3
302,Paiky MC,,dude check out psy,1,3
303,이 정훈,,"This great Warning will happen soon. ,0
LneaDw26bFst76VHKJL8PxaEy6VMNlvmriUDTSFK6vY,Ali Paša,2013-09-26T22:28:17.047000,Croatia &lt;3,0
LneaDw26bFvkAHxpKEnM25FYWkyXthsUpri6JuQsZnU,G Belrus,2013-09-26T22:26:12.832000,Nice one,0
LneaDw26bFtvZQt6JUEhasIEFRJG1exI_dVqdnQVPho,exode. comeback.,2013-09-26T22:23:00.710000,600m views.,0
LneaDw26bFunOarAg71AwGU6TJO6aZDKFIUn_TZ1_HY,Muhammad Shaeel Abbas,2013-09-26T22:15:45.476000,Fuck off!,0
LneaDw26bFt-oToUFj0z3vffLFNaxyKwZSIVQhiMx-E,Notorious Niko,2013-09-26T22:00:43.613000,""Hey guys im a 17yr old rapper trying to get exposure... I live in belgium where NO ONE speaks english so i have to resort to this gay SPAM...  Check out my 2 latest tracks as they are probably my best.. Audio isnt the best but im gonna invest in some real equipment for my next track..  Please Thumbs this up so others can see.. or hey dont just check me out yourself and leave a response and a like :D  Thanks in advance, you guys will be part of making my dream come TRUE   -Notorious Niko ",1,3
304,M.E.S,,hey its M.E.S here I&#39;m a young up and coming rapper and i wanna get my music heard i know spam wont get me fame. but at the moment i got no way of getting a little attention so please do me a favour and check out my channel and drop a sub if you enjoy yourself. im just getting started so i really appreciate those who take time to leave constructive criticism i already got 200 subscribers and 4000 views on my first vid ive been told i have potential,1,3
305,M.E.S,,hey guys look im aware im spamming and it pisses people off but please take a moment to check out my music.  im a young rapper and i love to do it and i just wanna share my music with more people  just click my picture and then see if you like my stuff,1,3
306,Joseph Jackson,,"You guys should check out this EXTRAORDINARY website called MONEYGQ.COM . You can make money online and start working from home today as I am! I am making over $3,000+ per month at MONEYGQ.COM ! Visit MONEYGQ.COM and check it out! Wazzasoft Industry Sertave Wind Tendency Order Humor Unelind Operation Feandra Chorenn Oleald Claster Nation Industry Roll Fuffapster Competition Ociramma Quality",1,3
307,Mortal 2,2015-05-20T16:32:56.261000,Eminem THE BEST !﻿,0,3
308,Ben Romanucci,,Im gonna share a little ryhme canibus blows eminem away a quadrillion times especially about the categories of intelligent things in his mind. That he learned and rapped about and forgot before eminem spit his first ryme.luv ya linz 4e﻿,1,3
309,Kate Hermamn,,Terrance. .thank you for serving our country. How do i &quot;like you&quot; or &quot;subscribe&quot;?,1,3
310,Vevo Ny,2015-05-20T15:34:47.099000,❤️❤️❤️﻿,0,3
311,Muhamat Agus,2015-05-28T06:20:49.335000,goot﻿,0,3
312,Adan E,2015-05-24T10:33:48.659000,Rihanna is so beautiful and amazing ♥♥♥♥♥love her so much♥♥♥♥ forever RiRi fan ♥ ♥ ♥ ♥ ♥ ♥ ﻿,0,3
313,Muhammad Asim Mansha,,Aslamu Lykum... From Pakistan﻿,1,3
314,RoyEpperson,2015-05-28T00:59:58.305000,Is that Charlie from lost?<br />﻿,0,3
315,ultimatecleanmusic,,Subscribe to me for clean Eminem!,1,3
316,Dengesiz Adam,,SubScribe me pls EMİNEM FANS,1,3
317,WeTheDopeSquad,,WATCH MY VIDEOS AND SUBSCRIBE,1,3
318,Laura Brown,,"You guys should check out this EXTRAORDINARY website called MONEYGQ.COM .   You can make money online and start working from home today as I am!   I am making over $3,000+ per month at MONEYGQ.COM !   Visit MONEYGQ.COM and check it out!   Lake   . Magnificent . Noodile . Unequaled . Moderock . Gogopo . Lulerain . Olielle . Zesty . Laughable . Accidental . Pepelexa . Delightful . Wiry . Toogit . Uncovered . Chesture . Woozy . Adhoc . Weak . Shallow",1,3
319,volleyballspikerable,,"Finally someone shares the same opinion as me. I&#39;ve tried really hard to like Gangnam style but I just can&#39;t, I don&#39;t even get the dance either. A song like this should be more popular than Gangnam Style, at least it makes sense.",1,3
320,YungDreams,,Maybe no one will probably read this. But just in case you do Can You Put A &quot;Thumbs Up &quot;So Others Can See. I Just started rapping seriously (Type in Lunden- 1990 Video) just a simple button? can help my dreams come true. people will ignore this but if you don&#39;t can you listen and subscribe Thank you all God Bless.,1,3
321,killtheclockhd,,check out our bands page on youtube killtheclockhd - check out some of our original songs including &quot;your disguise&quot;,1,3
322,Angie Schear,2015-05-22T16:01:46.636000,This song is true because it is insane because boys will do this to a girl and it is not true that people say that a guy will never do it to a girl but boys YOU LIERS NOW STOP TREATING US GIRLS THIS WAY YOU ALL SUCK!﻿,0,3
323,AreWEFaumos Now,2015-05-23T14:24:32.712000,thumb up if you watching in 2015 and  you like it﻿,0,3
324,viviane trinh,2015-05-21T22:35:35.753000,i like the lyrics but not to music video﻿,0,3
325,Puan Sha Zamri,2015-05-28T07:22:25.813000,LOVE THE WAY YOU LIE ..&quot;﻿,0,3
326,France Silva,2015-05-21T21:54:55.768000,BR﻿,0,3
327,markwardist,,Check out my channel please.,1,3
328,Aleesha Hoover,2015-05-22T14:44:13.619000,Love the video ﻿,0,3
329,Nader sheckler,2015-05-22T23:24:03.588000,#1 song in world even in 2015﻿,0,3
330,Andrew Guasch,,Hey if you guys wouldnt mind...could you check out my boys and my music...we just made a real lyrical song...search DNA Andrew Guasch...I appreciate it. Leave some real feedback and keep Hip-Hop alive,1,3
331,Drake Gagne,,I KNOW YOU MAY NOT WANT TO READ THIS BUT please do  I&#39;m 87 Cypher an 11 year old rapper I have skill people said .my stuff isn&#39;t as good as my new stuff but its good please check out my current songs comment and like thank you for reading rap is my life,1,3
332,sonia prudencio,2015-05-28T16:58:53.855000,Love😘❤💖﻿,0,3
333,Jimmy Hopkins,2015-05-27T20:02:52.297000,this fucking song like a&#39;n oreo the only white part is the good 1﻿,0,3
334,MegaEvilMonkee,,Check out Em&#39;s dope new song monster here: /watch?v=w6gkM-XNY2M  MMLP2 FTW :),1,3
335,Jacob Johnson,,"You guys should check out this EXTRAORDINARY website called MONEYGQ.COM .   You can make money online and start working from home today as I am!   I am making over $3,000+ per month at MONEYGQ.COM !   Visit MONEYGQ.COM and check it out!   Lake   . Victorious . Luxuriant . Alcoholic . Responsible . Unbiased . Yoffa . Ociramma . Ociramma . Handsome . Arrowgance . Mizuxe . Boaconic . Sophisticated . Ill-fated . Spourmo . Chubby . Hioffpo . Probable . Singlewave",1,3
336,Shirley Lim,,Take a look at this video on YouTube:﻿,1,3
337,Amir bassem,,if u love rihanna subscribe me,1,3
338,Eko Budi wibowo,2015-05-25T00:33:52.340000,good music﻿,0,3
339,Isabel Flores,2015-05-20T00:49:34.070000,Love your songs<br />Supper cool<br />﻿,0,3
340,DanteBTV,,Check Out The New Hot Video By Dante B Called Riled Up,1,3
341,superfacoo,,"Hey? Everyone Please take a moment to read this. I work my ass off hoping to make it into the music industry but its hard to? get people to hear you when you don’t have money for advertisements and exposure I am a Young Artist who has dreams and goals like everybody else Please take 30 seconds and visit my channel You don’t have to like? me, just give me a chance to prove my talent Also, please take just 1 second of your life and Thumb this comment up it would be Super Helpful.",1,3
342,Kate Love,2015-05-23T01:14:31.812000,Best song﻿,0,3
343,Hambro,,HUH HYUCK HYUCK IM SPECIAL WHO&#39;S WATCHING THIS IN 2015 IM FROM AUSTRALIA OR SOMETHING GIVE ME ATTENTION PLEASE IM JUST A RAPPER WITH A DREAM IM GONNA SHARE THIS ON GOOGLE PLUS BECAUSE IM SO COOL.﻿,1,3
344,This Hans,2015-05-26T11:23:52.048000,it is wonderful﻿,0,3
345,tommy rincon,2015-05-24T20:59:37.012000,2015 and more....﻿,0,3
346,Ashleigh_ Baise,2015-05-28T22:21:26.037000,The boyfriend was Charlie from the TV show LOST ﻿,0,3
347,Dale Sullivan,2015-05-27T19:09:05.210000,"no where near one of eminems actual best songs, real fans know what im talking about: Untitled, cold wind blows, welcome 2 hell, elevator, business, wtp, almost famous, 25 to life, rock bottom, no apologies, same song and dance, without me, way i am, toy soldiers, mosh and insane &lt; songs off the top of my head that&#39;s better﻿",0,3
348,Linda Dipilato,,Check out this video on YouTube:﻿,1,3
349,deazy99,,"I know that maybe no one will read this but PLEASE TYPE IN &quot;deazy99&quot; I&#39;m a rapper with a dream. I know you must see like millions of those on here everyday but please check out my music and subscribe if you&#39;d like thank you, i would love nothing more than to have a decent following on youtube from people if anyone reading this could give it a &quot;THUMBS UP&quot; because what some might see as just a simple button press could make my dream come true..thank you again for your time &amp; may god bless you",1,3
350,Murlock Nightcrawler,2015-05-24T07:04:29.844000,Charlie from LOST?﻿,0,3
351,Melody Peace,,Check out this video on YouTube:﻿,1,3
352,MrJtill0317,,┏━━━┓┏┓╋┏┓┏━━━┓┏━━━┓┏┓╋╋┏┓  ┃┏━┓┃┃┃╋┃┃┃┏━┓┃┗┓┏┓┃┃┗┓┏┛┃  ┃┗━━┓┃┗━┛┃┃┃╋┃┃╋┃┃┃┃┗┓┗┛┏  ┗━━┓┃┃┏━┓┃┃┗━┛┃╋┃┃┃┃╋┗┓┏┛  ┃┗━┛┃┃┃╋┃┃┃┏━┓┃┏┛┗┛┃╋╋┃┃  ┗━━━┛┗┛╋┗┛┗┛╋┗┛┗━━━┛╋╋┗┛ CHECK MY VIDEOS AND SUBSCRIBE AND LIKE PLZZ,1,3
353,M.E.S,,hey guys i know its annoying getting spammed sorry bout that but please take a moment to check out my channel  IM A RAPPER with DECENT skills. i want to share my music with more people so take a listen   THUMBS UP SO MORE CAN SEE THIS,1,3
354,GB REEFAT,2015-05-27T07:44:24.226000,MEGAN FOX AND EMINEM TOGETHER IN A VIDEO  DOESNT GET BETTER THAN THAT﻿,0,3
355,James Lim,,"Check out this video on YouTube: <a href=""http://www.youtube.com/user/jlimvuth"">http://www.youtube.com/user/jlimvuth</a> ... Eminem ft Rihanna - Love the way you lie﻿",1,3
356,호성나,2015-05-26T12:19:29.771000,He is good boy!!!<br />I am krean I like to eminem~!~﻿,0,3
357,Jodie Jackson,2015-05-28T01:55:43.908000,"How is this the most watched Eminem video, it beats not afraid? ﻿",0,3
358,Dakota Taylor,2015-05-29T02:13:07.810000,Cool﻿,0,3
359,Lil M,,"Hi I&#39;m lil m !!! Check out love the way you lie!!!! My live performance and many others,,, videos and my own lyrics!!!!! Thanks",1,3
360,Janie Musgrove,,Check out this video on YouTube:﻿,1,3
361,Laighla Owens-Teague,2015-05-22T12:37:59.803000,Eminem rap can be easy for a boy but I can do that﻿,0,3
362,Alex Weight-Loss,,Fruits and vegetables give you longer lasting energy for weight loss.  Check out youtube.com/user/36loseweight.,1,3
363,Lynda Johnson,2015-05-28T15:19:53.599000,this is the 2nd most best song when im gone by m&amp;m﻿,0,3
364,jason graham,2015-05-29T02:26:10.652000,I always end up coming back to this song<br />﻿,0,3
365,Sylith,2015-05-28T21:50:26.114000,Rihanna and Eminem together are unstoppable.﻿,0,3
366,Ferhad Babayev,2015-05-23T08:55:42.007000,Hello. İ am from Azerbaijan<br />﻿,0,3
367,Uday Kanwar,2015-05-19T19:30:58.135000,You can not hate eminem and nirvana...trust me﻿,0,3
368,Drake Gagne,,Hey guys I&#39;m 87 cypher im 11 years old and Rap is my life I recently made my second album desire ep . please take a moment to check out my album on YouTube thank you very much for reading every like comment and subscription counts,1,3
369,Crudgy,,Come and check out my music!Im spamming on loads of videos but its just to try and get my music across to new people﻿,1,3
370,Andi Arizmendi,2015-05-25T03:30:30.047000,I like it﻿,0,3
371,Gail Weir,2015-05-21T16:53:59.328000,I love the way you lie﻿,0,3
372,George Raps,,"••••►►My name is George and let me tell u EMINEM is my idol my inspiration, I&#39;ve listen to him growing up, I never thou I would love rap this much But I thank him for helping me find my dream. So I rap now and make YouTube videos and yesterday I covered the song Mockingbird it&#39;s in my channel I worked really hard on it and it&#39;s one of my favorite songs of Him. So please go check it out and subscribe it would mean the world to me n sorry for the spam ◄◄••­•• don&#39;t hate I&#39;m not Eminem",1,3
373,Daniel Wagemans,,CHECK OUT THE NEW REMIX !!!<br />CLICK CLICK !!﻿,1,3
374,Jacob Johnson,,"You guys should check out this EXTRAORDINARY website called FIREPA.COM .   You can make money online and start working from home today as I am!   I am making over $3,000+ per month at FIREPA.COM !   Visit FIREPA.COM and check it out!   Lake   . Chillpal . Sturdy . Astauand . Johackle . Chorenn . Ethosien . Changeable . Public . Noxu . Ploosnar . Looplab . Hoppler . Delicious . False . Scitenoa . Locobot . Heartbreaking . Thirsty . Reminiscent",1,3
375,Chris Bieber,2015-05-21T15:55:45.911000,Love the way you lie II is nicer in my opinion. :D﻿,0,3
376,deazy99,,"I know that maybe no one will read this but PLEASE TYPE IN &quot;deazy99&quot; I&#39;m a rapper with a dream. I know you must see like millions of those on here everyday but please check out my music and subscribe if you&#39;d like thank you, i would love nothing more than to have a decent following on youtube from people if anyone reading this could give it a &quot;THUMBS UP&quot; because what some might see as just a simple button press could make my dream come true..thank you again for your time &amp; may god bless you",1,3
377,KC Cassette,,Check out my remix to Tyga&#39;s - Molly ft. Whiz Khalifa Peace and love,1,3
378,Notorious Niko,,"Hey guys im a 17yr old rapper trying to get exposure... I live in belgium where NO ONE speaks english so i have to resort to this gay SPAM...  Check out my 2 latest tracks as they are probably my best.. Audio isnt the best but im gonna invest in some real equipment for my next track..  Please Thumbs this up so others can see.. or hey dont just check me out yourself and leave a response and a like :D  Thanks in advance, you guys will be part of making my dream come TRUE   -Notorious Niko ",1,3
379,Stacy,,check out my playlist,1,3
380,Chutipha Wongsaroj,,Check out this video on YouTube:﻿,1,3
381,Emma Halbrook,2015-05-21T04:46:05.790000,My favorite song 💗💗💗💗﻿,0,3
382,Gaming Gaming,2015-05-06T10:56:35.972000,857.482.940 views AWESOME !!!!!!!!!!!!!!!!!!!!!!!!!!!!!!!!!!!!!!!!!!﻿,0,3
383,Samantha Sawyer,,please read this please! i am a country singer who is trying to become someone. so if you would like my videos please. just type... boys round here by country girl (only on computer) wasting all these tears e.t. please subscribe and like,1,3
384,Hazeandrymojilip Hazeandrymojilip,2015-05-20T03:47:31.476000,best rap ever﻿,0,3
385,D Maw,2015-05-26T03:14:40.856000,5 years and i still dont get the music video help someone?﻿,0,3
386,Ahmed Medhat,2015-05-19T15:23:47.680000,Simply rap god﻿,0,3
387,Boksu Boc,2015-05-23T08:36:40.952000,EMINEM&lt;3 <br />the best rapper ever&lt;3﻿,0,3
388,Rufus Korovina,2015-05-26T08:41:13.177000,love﻿,0,3
389,deazy99,,"I know that maybe no one will read this but PLEASE TYPE IN &quot;deazy99&quot; I&#39;m a rapper with a dream. I know you must see like millions of those on here everyday but please check out my music and subscribe if you&#39;d like thank you, i would love nothing more than to have a decent following on youtube from people if anyone reading this could give it a &quot;THUMBS UP&quot; because what some might see as just a simple button press could make my dream come true..thank you again for your time &amp; may god bless you",1,3
390,armontre,,ayyy can u guys please check out my rap video im 16 n im juss tryna get some love please chrck it out an thank u,1,3
391,Drake Gagne,,Hey guys ready for more 87 Cyphers back check out my video on YouTube. NEW ALBUM IS OUT CHECK IT OUT. MORE MUSIC TOMORROW THANKS FOR READING,1,3
392,Seth Ryan,2015-05-21T20:04:42.844000,Amazing﻿,0,3
393,Louis Serano,,Check out this video on YouTube:﻿,1,3
394,Adam B,,adam b beats check out my page,1,3
395,Ando Nesia - | MC | Music Producer,,DO YOU KNOW HOW SEAN KINGSTON GOT FAMOUS WHY DON&#39;T YOU LOOK IT UP KID BEFORE YOUR SO HARD ON YOURSELF!!  IF YOU HIT ME UP WITH A MESSAGE IN MY INBOX AND SUBSCRIBE I WILL CHECK OUT YOUR CHANNEL....SOUNDS FAIR TO ME.,1,3
396,Daniel Tabatabai,2015-05-20T22:58:46.199000,still listening in 2015﻿,0,3
397,Warcorpse666,2015-05-26T02:23:11.364000,so spousal abusue cool that&#39;s great﻿,0,3
398,Michael J. Cabose,,like this comment then type 1337,1,3
399,Ked Woodly,,COFFEE ! LOVERS ! PLEASE ! READ ! Check out a song I wrote and sing on You Tube called COFFEE LOVA.Type COFFEE LOVA like I spell it while your already on You Tube hit enter.Then look for video titled COFFEE LOVA hit enter and BLAST ! OFF !,1,3
400,Unbeweavable Co,,For all you ladies out there......  Check out this link!  You&#39;ll find the hottest hairstyles and the latest trends for women!  Go to this site and you&#39;ll upgrade your hairstyles and fashion senses to a higher level!  Don&#39;t get left behind!     ---&gt;   goo.gl\BxrOSR,1,3
401,Anon,,"youtube.com/watch?v=2ASFn9ShgHk&amp;feature=youtu.be  please check out my song. looking for feedback, and supporters.",1,3
402,BigBird Larry,2015-05-24T09:44:44.694000,I cried this song bringing back some hard memories﻿,0,3
403,T MAN,2015-05-21T17:41:48.433000,Fire..﻿,0,3
404,M.E.S,,hey its M.E.S here I&#39;m a young up and coming rapper and i wanna get my music heard i know spam wont get me fame. but at the moment i got no way of getting a little attention so please do me a favour and check out my channel and drop a sub if you enjoy yourself. im just getting started so i really appreciate those who take time to leave constructive criticism i already got 200 subscribers and 4000 views on my first vid ive been told i have potential,1,3
405,Derek Moya,,"You guys should check out this EXTRAORDINARY website called MONEYGQ.COM .   You can make money online and start working from home today as I am!   I am making over $3,000+ per month at MONEYGQ.COM !   Visit MONEYGQ.COM and check it out!  Why does the wood photograph the husky breath? When does the act retain the delightful system? The rhythm fabricates the scintillating harbor.",1,3
406,david rodriguez,,do you want to make some easy money? check out my page tvcmcadavid.weebly . com dont miss out on this opportunity,1,3
407,M.E.S,,hey its M.E.S here I&#39;m a young up and coming rapper and i wanna get my music heard i know spam wont get me fame. but at the moment i got no way of getting a little attention so please do me a favour and check out my channel and drop a sub if you enjoy yourself. im just getting started so i really appreciate those who take time to leave constructive criticism i already got 200 subscribers and 4000 views on my first vid ive been told i have potential,1,3
408,Amer Amer,2015-05-27T15:40:48.105000,Just gonna stand there and hear me cry ..﻿,0,3
409,Ashley Jsade,2015-05-21T14:36:34.512000,If you are a person that loves real music you should listen to &quot;Cruz Supat&quot;<br />He is awesome as fuck!!! Just as eminem used to be.﻿,0,3
410,Jacob Johnson,,"You guys should check out this EXTRAORDINARY website called MONEYGQ.COM .   You can make money online and start working from home today as I am!   I am making over $3,000+ per month at MONEYGQ.COM !   Visit MONEYGQ.COM and check it out!   Lake   . Waratel . Misty . Exciting . Swoquix . Acaer . Chillpal . Tupacase . Arrowgance . Lively . Hard . Idiotic . Bored . Cool . Ablaze . Crabby . Aloidia . Cheilith . Feandra . Useless . Ploosnar",1,3
411,Hugo Gonzalez,2015-05-25T14:33:19.596000,I love it and my mom to﻿,0,3
412,Daniel Ebrey,,sorry for the spam yall I know it’s annoying. But if you can spare a min please check out the new track on my channel i&#39;m a upcoming uk rapper.please come check out my songs u might like em. If not no worries I’m sorry for wastin your time. Even thumbs up to get more noticed will really help. peace yall,1,3
413,Tyler Gilman,,Check out this video on YouTube:﻿,1,3
414,The Guy That's Done Everything,,3 yrs ago I had a health scare but thankfully I’m okay. I realized I wasn’t living life to the fullest.  Now I’m on a mission to do EVERYTHING I’ve always wanted to do. If you found out you were going to die tomorrow would you be happy with what you’ve accomplished or would you regret not doing certain things? Sorry for spamming I’m just trying to motivate people to do the things they’ve always wanted to. If you’re bored come see what I’ve done so far! Almost 1000 subscribers and I just started!,1,3
415,melissa delaney,,Check out this playlist on YouTube: ﻿,1,3
416,Chelsea Cameron,,*****PLEASE READ*****  Hey everyone! I&#39;m a 19 year old student  who loves to sing.  I record and upload covers on my channel. I would love if you could check them out.  Just give me a chance. You don&#39;t have to thumbs up or subscribe (But you can if you like what your hear)  Just listen. I&#39;d really appreciate.  ~THANK YOU for your time. ~,1,3
417,Ajkal Khan,,"my sister just received over 6,500 new <a rel=""nofollow"" class=""ot-hashtag"" href=""https://plus.google.com/s/%23active"">#active</a> youtube views Right now. The only thing she used was pimpmyviews. com﻿",1,3
418,Amie Rutledge,,Check out this video on YouTube:﻿,1,3
419,Amir bassem,,if u love rihanna subscribe me,1,3
420,themagicmangotree,,Check out my channel for funny skits! Thanks!,1,3
421,Yuliya Meow,,"HEY GUYS!!! ❤❤❤❤❤❤❤  BEFORE YOU IGNORE ME, PLEASE, GIVE ME A CHANCE!  My name is Yuliya, I make COVERS. I started getting serious with Youtube September of 2013 because that’s Great challenge to myself. MY DREAM was to become a singer. Youtube helps me keep up! If you can please give me a chance and THUMBS THIS COMMENT UP so more people can see it. I swear I&#39;ll appreciate it. SUBSCRIBE PLEASE!!!  ❤❤❤ LOVE YOU!!! ❤❤❤❤❤❤❤❤❤❤❤❤❤❤❤❤❤❤❤❤❤❤❤❤❤❤❤❤❤❤❤❤❤❤❤❤❤❤❤ XOXO ❤❤❤❤❤❤❤❤❤❤❤❤❤❤❤❤❤❤❤❤❤❤❤❤❤❤❤❤❤❤❤❤❤❤❤❤❤❤ ",1,3
422,David Bottenberg,,subscribe to my channel  /watch?v=NxK32i0HkDs,1,3
423,Jorge Salazar,2015-05-19T18:13:35.054000,Like eminen﻿,0,3
424,FreshX,,Share this video.. This song can beat PSY - Gangnam Style!,1,3
425,Lizzy Molly,,PLEASE CHECK OUT MY VIDEO CALLED &quot;WE LOVE MIND MASTER IT&quot; THANKS,1,3
426,scott boshaw,2015-05-21T19:57:17.180000,"I don&#39;t understand this song, I have had the passion for women feel like im losing my mind but i don&#39;t understand the ideas of loving the the way someone lies.....﻿",0,3
427,Harl Bever,2015-05-19T23:23:30.286000,I like the music...but is anyone listening to the lyrics?﻿,0,3
428,Adela Korman,,  Check out my SEXY VIDEO :*,1,3
429,OriginalFreshB,,Check out my channel im 15 year old rapper!,1,3
430,Dragon Addict,2015-05-28T17:49:36.288000,one of the BEST SONGS in music history﻿,0,3
431,Wild 'N' Out,,CHECK OUT Eminem - Rap God LYRIC VIDEO,1,3
432,Romulus IV,2015-05-28T16:09:13.677000,"Haha, I can&#39;t believe how many kids listen to Eminem.  You kids know that he does drugs and ends high in jail. I wonder why he never ended OD. ﻿",0,3
433,Chris Edgar,2015-05-26T18:40:11.037000,Love the way you lie - Driveshaft﻿,0,3
434,DrAxel81,2015-05-26T23:58:40.132000,Anyone else notice that Megan Fox is in this video?﻿,0,3
435,ankan412,2015-05-27T17:38:49.616000,#2015 FUCK YEAH﻿,0,3
436,Victoriaa Hemming,2015-05-24T06:20:53.534000,is that Megan fox﻿,0,3
437,Æle Skittles,,subcribe to us an we will subscribe back,1,3
438,Karen Cook,,Check out this video on YouTube:but I&#39;m not Rhinnah﻿,1,3
439,Andrew Guasch,,"Listen...Check out Andrew Guasch - Crazy, Sick Flow...I&#39;m dope....that&#39;s all there is too it. If you like it Subscribe, if not, Ill be with Aftermath of TDE Soon enough.  One Love,  Peace.",1,3
440,leslie mendoza,2015-05-27T04:28:42.896000,best song﻿,0,3
441,Bayern Franken,2015-05-27T20:37:13.947000,"hot,hot﻿",0,3
442,TMCB production (Instrumental Beats),,Check out our Channel for nice Beats!!﻿,1,3
443,Themayerlife,,Check out my mummy chanel!,1,3
444,Fill Reseni,2015-05-27T17:10:53.724000,The rap: cool     Rihanna: STTUUPID﻿,0,3
445,Greg Fils Aimé,,"I hope everyone is in good spirits I&#39;m a hard working student who&#39;s also a passionate singer I look foward to the day when I can make my own music to share But for now I&#39;ve just been doing covers. Check out my channel, I&#39;ve done Covers of Miley Cyrus, Imagine Dragons, Lana Del Rey, Drake, Macklemore, Pink and countless others.  Subscribe only if you want to. My goal isn&#39;t to become famous but to  inspire FYI this isn&#39;t spamming, everyone has a right to freedom of speech. Thanks ",1,3
446,Lil M,,Lil m !!!!! Check hi out!!!!! Does live the way you lie and many more ! Check it out!!! And subscribe,1,3
447,AvidorFilms,,"Please check out my youtube channel! Just uploaded my first youtube video please check it out, you will not regret it!",1,3
